x1,x2,x3
0.0,0.0,0.0
0.0010179035168658963,0.009528887139846516,0.00030849772115253105
0.0020091772166363317,0.01880848491439179,0.0006089246991034343
0.002963211456786614,0.027739473413117003,0.0008980654517496633
0.0038814079525047807,0.036334974494437726,0.0011763447992574217
0.0047681440227621795,0.04463596549831001,0.0014450893830077868
0.0056201233560317955,0.052611588705904655,0.0017033001843536635
0.006439219509156212,0.06027938302086751,0.001951545025300586
0.007228840419778303,0.06767125112615476,0.0021908567552092607
0.007985731318744575,0.07475672419302576,0.0024202489457492093
0.008716691458531678,0.08159945197650327,0.0026417822577392935
0.009418873872770142,0.08817278320681946,0.0028545938563207802
0.010092769745364962,0.09448131599756569,0.0030588326054211902
0.010734876050326454,0.10049225751646411,0.0032534368370955263
0.01134874471253051,0.10623885835230899,0.0034394830391560045
0.011940470594449734,0.11177817426301066,0.003618818391764971
0.012504345871174199,0.1170567726604313,0.003789713014881464
0.013044911170244025,0.12211715966293771,0.003953543044087609
0.013556535877465931,0.12690662547408377,0.004108601999723464
0.014048392798148901,0.13151103935858552,0.004257669899234207
0.014517318978232063,0.13590079199515143,0.004399788140843028
0.014956392220530109,0.14001108270803417,0.004532858802672607
0.015379540135172565,0.14397229185534527,0.004661102948816804
0.015776322160155676,0.14768668233787854,0.00478135634068882
0.016158768872721635,0.15126687584410306,0.004897265105452837
0.016517475676573714,0.15462483324730145,0.005005978976381386
0.016854153841488605,0.15777657423529065,0.005108016590867535
0.01717353971684404,0.1607664371347662,0.005204813402238058
0.0174706743698227,0.16354799995153374,0.005294866498430906
0.017753480664870896,0.16619543089493963,0.005380577075223671
0.018017582801912478,0.16866776684384177,0.005460618951569379
0.01826631215838239,0.17099619377910374,0.005536001773598486
0.01848943123851007,0.17308487556284413,0.005603622846347079
0.01869899491951393,0.1750466613625877,0.005667135661613778
0.01889763545283875,0.17690619244003117,0.00572733798024601
0.01907775096771404,0.17859230549980962,0.005781925890556337
0.019246120384133706,0.18016845995873582,0.005832953891164072
0.019400408092389326,0.1816127915035958,0.005879714124928916
0.019536651613653387,0.18288820623215257,0.005921005676765941
0.019658096171750593,0.18402508361658282,0.005957812082086869
0.01977125778274754,0.18508442195453573,0.005992108160778094
0.019872179033400824,0.18602917476416178,0.006022694532989739
0.01996009302976406,0.18685216293099458,0.006049338774890951
0.02003688886234499,0.1875710707737805,0.006072613416301145
0.02010319161165552,0.18819174985070009,0.0060927079014164165
0.020160047808892877,0.1887239970408304,0.006109939404196886
0.020210862006535844,0.1891996833376344,0.0061253397480559146
0.020251166051450737,0.1895769810764769,0.006137554762350941
0.02027828835956933,0.18983088079167776,0.006145774765630569
0.020300850699537097,0.19004209333550082,0.00615261277173684
0.020318774773942616,0.19020988574339256,0.006158045050942335
0.02032093388320431,0.19023009778523775,0.006158699415797074
0.020320571740099883,0.19022670765963806,0.006158589660480784
0.020304458060917473,0.1900758628813337,0.00615370606078318
0.02028357765947299,0.1898803954470411,0.006147377802597958
0.02025485060771419,0.1896114732657788,0.00613867144697959
0.02022187083405556,0.18930274013352835,0.006128676211822982
0.020184984889900445,0.18895744021749802,0.0061174971270415
0.02013439164071014,0.18848382228261074,0.006102163746399524
0.020082518498351104,0.1879982229002151,0.006086442466394465
0.020022728758703912,0.18743851397714045,0.006068321890009923
0.019954214409983337,0.18679713148302288,0.006047557131762867
0.01988498639735213,0.18614906817609012,0.0060265760822009184
0.01981369333267262,0.18548167332389767,0.006004969173861189
0.019735377219631,0.18474853369912975,0.005981233778509327
0.019656574996197763,0.18401084345538612,0.005957351056868128
0.019574748436914095,0.18324484153522697,0.005932551744702974
0.019483377926299603,0.1823894959458568,0.005904859931247115
0.019390883354475003,0.18152362769669428,0.005876827446680479
0.019297367620371014,0.1806482000541801,0.005848485476754083
0.019197384403607763,0.17971222844918042,0.005818183396042217
0.019093952038523924,0.17874396837623563,0.00578683597618063
0.0189954696869951,0.17782204680170938,0.005756988765205342
0.018885623531519354,0.1767937453950129,0.005723697507163545
0.018777714850101154,0.17578358123936716,0.0056909934426245135
0.018663623664080687,0.17471554088266658,0.005656415636076332
0.01854978653121807,0.17364987879053487,0.005621914825843567
0.018428560417260917,0.1725150463244317,0.005585174624753478
0.018307781893398555,0.17138440387774362,0.005548570075541951
0.018182497730904336,0.17021158285390695,0.005510599994895239
0.018057452255951827,0.1690409962526938,0.005472702253680964
0.017930605896896597,0.1678535510582226,0.0054342587155099585
0.017797948011095778,0.16661170249294924,0.005394053868209232
0.01766947701020101,0.16540904855965838,0.005355117947118942
0.017537850945353442,0.16417685916664357,0.005315225815520087
0.01739696733583801,0.16285800723943913,0.005272527984376844
0.017258079981211285,0.1615578428275264,0.005230435161541168
0.017124236745514575,0.1603048978614723,0.005189871068265168
0.016994491729895485,0.15909031751047942,0.005150549029401772
0.016864044164660728,0.1578691603907781,0.005111014067651442
0.016726429950185535,0.15658091420944037,0.005069307097530633
0.01659179289073666,0.15532053803127444,0.005028502418762511
0.016453594245670285,0.15402682082733757,0.004986618324285055
0.016317952062994957,0.15275703540200053,0.004945509021139769
0.01618311386509695,0.15149477630904992,0.004904643383005492
0.01604856665746281,0.15023524125952506,0.004863865935777125
0.01591537554975527,0.1489884010508538,0.0048234994840213935
0.01577523349246672,0.14767649100700195,0.004781026396351688
0.015635403130951853,0.1463674988367994,0.004738647774841381
0.015497672044942267,0.14507815858746537,0.004696905384269192
0.01536492776116216,0.14383550122589633,0.004656674352188395
0.015225112352566662,0.14252664903426618,0.0046143002624843684
0.015095389696455925,0.14131227799705204,0.0045749850001545606
0.014965126628948604,0.14009284801356076,0.004535505954439031
0.014830752007003806,0.13883492858823648,0.0044947808130441575
0.014701363359556583,0.13762368430204114,0.004455566779278583
0.014573929498488847,0.1364307393325138,0.004416945185890135
0.014440068502155446,0.13517762810403922,0.004376375709868272
0.014308509852086147,0.13394606980012383,0.00433650400977901
0.01417311389563394,0.1326785893691719,0.004295469330826942
0.014044459440428848,0.1314742180673983,0.004256477809932021
0.01391166546172693,0.13023109549739492,0.004216231716728161
0.01378542269217859,0.12904930067763476,0.004177971109438426
0.013663262302348623,0.12790572218678375,0.004140947755797125
0.013536364520912801,0.12671779561264052,0.004102488632959238
0.013423748877871839,0.12566356823751307,0.004068358021689486
0.01331107631052129,0.12460880797757616,0.004034210158274029
0.013197366350849615,0.12354433639020602,0.003999747890632921
0.013081279222034902,0.12245761143981966,0.003964565170364162
0.012969220049475047,0.12140859334467131,0.003930603209533735
0.012849847744523597,0.12029111491704195,0.003894424845439234
0.012745344743490778,0.11931283231351678,0.0038627529461501063
0.012632287638114342,0.11825447228268907,0.0038284885401520595
0.012530439818137916,0.11730104559153967,0.003797621351026098
0.012423409154336464,0.11629910081095078,0.0037651833887545325
0.012319248709254523,0.11532402497205597,0.0037336153084703127
0.012220829394614217,0.11440269350394583,0.0037037872021902472
0.012126453768170413,0.11351921616229736,0.003675184623254378
0.01203333780539048,0.11264753089395278,0.003646963812691722
0.011942180364990123,0.11179417991604598,0.0036193365747819893
0.011851468560665317,0.11094500066541882,0.0035918443965429355
0.011756645400881907,0.11005733383565702,0.003563106182929397
0.011667840409111724,0.10922600480494643,0.003536191905560141
0.01157707315351497,0.10837630645903822,0.003508682921611363
0.011492713071868775,0.10758658750847414,0.0034831157705868506
0.01141799150349458,0.10688709744860843,0.003460469779898699
0.011330252289691834,0.10606574547151788,0.0034338785096403924
0.011253440137819704,0.10534668485916056,0.003410598922315324
0.011176652514870782,0.1046278538690975,0.0033873267690120324
0.011106812884056698,0.10397406502871213,0.003366160355304556
0.011032930989870536,0.1032824354000557,0.003343768846076804
0.010949463793357952,0.10250107500364342,0.003318472303242956
0.010876427157092887,0.101817358077125,0.003296336967746923
0.010812466929446318,0.10121860801822004,0.003276952434589874
0.010747629724392653,0.1006116483219595,0.003257302114423439
0.010679226493717083,0.0999713060357718,0.0032365710329081126
0.010606650635239506,0.09929190258244683,0.0032145753461067174
0.010538994119379346,0.09865855050808552,0.003194070572699269
0.010470085102931298,0.09801347341603162,0.0031731862018440243
0.010409745338968556,0.09744861555738481,0.003154898928670334
0.010351733394051307,0.0969055490813189,0.0031373171515077
0.0102812595939773,0.0962458236003726,0.003115958539062063
0.010215230337942346,0.09562770477254659,0.003095946942011196
0.01014953062644225,0.095012670905749,0.003076035220573624
0.010092281314409342,0.094476743655124,0.0030586845758346403
0.010038324287480247,0.09397163643082433,0.003042331729447938
0.00998064126347582,0.09343164907788186,0.003024849638896426
0.00992188534320391,0.09288161803486837,0.003007042383878864
0.009867682345147365,0.09237420820420737,0.0029906149906112145
0.009812697123606318,0.09185947575487141,0.0029739505275639625
0.009754556524796086,0.09131520491276685,0.0029563297590508276
0.009702722821442985,0.09082997473023172,0.0029406204318912525
0.009657628913137286,0.09040783770464937,0.002926953745688024
0.009617107994008275,0.09002850974400724,0.0029146730029622346
0.009580630476050471,0.08968703322290054,0.0029036177005914055
0.00953428086551769,0.08925314120816166,0.0028895704466142345
0.00948231833102387,0.08876670500032095,0.0028738220743853913
0.009437119313447446,0.08834358401667038,0.002860123532539704
0.0093993043312513,0.0879895871087396,0.002848662882645445
0.0093638502576799,0.0876576913444437,0.002837917757276366
0.009320059937217844,0.08724775757902611,0.002824646151620971
0.009284789477437966,0.08691758067616233,0.0028139566743907557
0.009250656643740812,0.08659805341775893,0.002803611979399946
0.009214334366731547,0.08625803015175312,0.002792603726163008
0.009181120070404164,0.08594710158545096,0.0027825374138289753
0.009146762488332245,0.08562547039296885,0.002772124603972367
0.00911220316213215,0.08530195061576659,0.0027616506511854437
0.009087469216377016,0.08507040904653276,0.0027541544928814986
0.009060241378759458,0.08481552143938641,0.0027459025066001357
0.009021562402371326,0.08445343643370523,0.0027341800045412074
0.008991151147566979,0.08416874794406923,0.0027249632146892416
0.008962865737434923,0.08390396009690418,0.0027163907081372736
0.008933988500802096,0.08363363199190649,0.0027076388357379732
0.008909676099957041,0.08340603662563391,0.0027002704357548986
0.00888171309281642,0.08314426688545844,0.002691795640416718
0.008852552496953462,0.08287128617333321,0.0026829578898616637
0.008837182215111978,0.08272740055102387,0.002678299592839398
0.008810038125081965,0.08247329692909493,0.002670072988079449
0.008787911038348882,0.08226615891579644,0.0026633668948989105
0.008768581860582414,0.08208521293182951,0.002657508768667981
0.008752876995800097,0.08193819518252647,0.0026527490690342955
0.00873620373039694,0.08178211195690942,0.002647695874604943
0.008714613972738944,0.0815800040353914,0.0026411526306457968
0.008700890410730943,0.0814515338303433,0.002636993407757365
0.008690091480758918,0.08135044194567097,0.002633720557991098
0.008678440317094699,0.08124137205666417,0.0026301894203345027
0.008661696456379842,0.08108462796806093,0.002625114830465973
0.008649230008278712,0.08096792596730923,0.002621336603191637
0.008642543753256352,0.08090533401390633,0.0026193101887002183
0.00862378054796959,0.0807296862608562,0.00261362359269522
0.008613031956001235,0.0806290656046922,0.0026103659989519102
0.008602979068697315,0.08053495763968233,0.0026073192535847156
0.008599344561059355,0.08050093396993642,0.002606217737276692
0.008588419791068485,0.08039866406070935,0.0026029067489654655
0.008581205001731955,0.08033112434580864,0.0026007201506955554
0.008573302796689063,0.0802571495350707,0.002598325216197914
0.008568248829417946,0.08020983789606267,0.0025967935018850296
0.008565608541126906,0.0801851213991402,0.002595993305297165
0.00856286773240152,0.08015946390156468,0.002595162643813157
0.008562656858078594,0.08015748984646953,0.0025950987337794514
0.00856514825361829,0.08018081251558806,0.002595853805192164
0.008567182567307222,0.08019985631023824,0.002596470348043964
0.008565474788377223,0.0801838693012397,0.0025959527686276363
0.00856365701082789,0.08016685256357653,0.0025954018517457904
0.008563694277200058,0.08016720142478845,0.0025954131461275263
0.008565506105599929,0.08018416247075504,0.002595962259990695
0.00856437000305681,0.0801735270885864,0.0025956179394929857
0.008566988008543228,0.0801980349897757,0.002596411382793989
0.0085679048745416,0.08020661803568928,0.0025966892589054406
0.00857284379323591,0.0802528526719305,0.0025981861052537503
0.008574029277926328,0.08026395033456142,0.0025985453920814266
0.008579758154101544,0.08031757998963901,0.002600281652164563
0.008582870592853495,0.08034671642261682,0.00260122494418222
0.008585289438489983,0.08036935993125677,0.0026019580277744387
0.008586164871523359,0.08037755511128644,0.002602223346727899
0.008584848492663536,0.0803652321107459,0.0026018243895853995
0.008588011042290284,0.08039483764601338,0.0026027828687896835
0.00859190112690526,0.08043125384523693,0.002603961843239546
0.008590684955460968,0.08041986891509048,0.002603593256126055
0.008592410992987394,0.0804360268480536,0.0026041163692057355
0.008595873958732203,0.08046844466487484,0.0026051658960253234
0.008595708269576854,0.0804668936011095,0.0026051156803359203
0.008601045107144507,0.08051685327019723,0.0026067331246226355
0.008604637987895045,0.08055048725869568,0.002607822025000273
0.008608193435102744,0.08058377082104956,0.0026088995803314804
0.008611339318933016,0.08061322034301016,0.002609853008604955
0.008613955432997663,0.08063771053805709,0.002610645878669599
0.008618141196292896,0.08067689467031867,0.0026119144649515676
0.008623218664012174,0.0807244263037707,0.0026134533015845767
0.008625716806319449,0.08074781213131808,0.002614210417751424
0.00862689569997269,0.0807588480933572,0.00261456770702244
0.008630764520547401,0.08079506523379332,0.002615740236944059
0.008638913746768818,0.08087135248072222,0.0026182100365633827
0.008645600835693691,0.08093395224052599,0.00262023670378703
0.008652267933964378,0.08099636486207511,0.002622257312409682
0.008654844461089196,0.08102048447240982,0.0026230381847942687
0.008656565925343205,0.0810365995936565,0.0026235599118446303
0.008653584262669186,0.0810086873931001,0.0026226562543516167
0.008655259638032889,0.08102437106300898,0.002623164013164917
0.008657053339536461,0.08104116241789372,0.0026237076332793095
0.008659553110442465,0.0810645634912215,0.0026244652430282966
0.008657502592812862,0.08104536800682931,0.0026238437892210998
0.008667589117772498,0.0811397908635943,0.0026269007292088666
0.008670488807475597,0.08116693569162918,0.0026277795430164953
0.008671961517596789,0.08118072215400211,0.0026282258797358186
0.008670774442471581,0.0811696096028544,0.002627866110892411
0.008671278444384143,0.08117432770949563,0.0026280188595949215
0.008674523866239809,0.08120470903549698,0.0026290024550242154
0.008682634723969818,0.08128063710395927,0.002631460626240682
0.00868432028686599,0.0812964161422852,0.002631971472606484
0.008685262794939443,0.08130523923102745,0.0026322571201045143
0.008682566560960555,0.08127999901045473,0.002631439967963472
0.00868940402183942,0.08134400644530318,0.0026335122086666913
0.00868882159433151,0.08133855417414187,0.0026333356913878438
0.00868987469174756,0.08134841252147887,0.0026336548553828787
0.008697153223903282,0.08141654895121549,0.0026358607722956023
0.008699324719422188,0.08143687694437152,0.0026365188910740284
0.008696572260065294,0.08141111038188864,0.002635684698613645
0.008699139870884266,0.08143514652412376,0.0026364628687185077
0.008695044260457448,0.08139680633875328,0.0026352216052171378
0.00869475738635918,0.08139412082793575,0.00263513466180442
0.008701217111834764,0.0814545921731972,0.00263709242160726
0.008699381629036638,0.08143740969161552,0.002636536138766053
0.008709936971584072,0.08153622128445352,0.002639735164084183
0.008712735464777237,0.08156241878289756,0.002640583308096309
0.008710070749811841,0.08153747362086168,0.0026397757084753977
0.008708670702899239,0.08152436737965157,0.00263935139391622
0.008707854001396464,0.08151672200234619,0.002639103874825959
0.00871006315672621,0.08153740253980653,0.002639773407226237
0.008713730508019109,0.08157173366843827,0.0026408848775156895
0.00871988790243634,0.08162937480583993,0.0026427510093390686
0.008719433124757064,0.08162511750138254,0.0026426131791072605
0.008718747799021131,0.08161870197035868,0.002642405476290363
0.008720818968811305,0.08163809078555681,0.0026430331891824027
0.00872369424325277,0.081665007055316,0.002643904603415856
0.008724047315366447,0.08166831226476633,0.002644011609571811
0.008727973446528559,0.0817050659060694,0.002645201508708997
0.008732380834586417,0.0817463247313794,0.0026465372631784088
0.0087376474639518,0.0817956271613235,0.0026481334293478494
0.008733729554208244,0.08175895048308059,0.0026469460218897347
0.008739777857989852,0.08181557039171386,0.0026487790914317367
0.008742406758456434,0.08184018028394124,0.002649575836692598
0.008740943799696397,0.08182648510686047,0.002649132455334608
0.008737167613165713,0.08179113514031286,0.0026479880001676294
0.008745322311782237,0.08186747361590391,0.0026504594583148895
0.008748342764514652,0.08189574894133657,0.0026513748719757717
0.008746471269660015,0.08187822934055206,0.0026508076749003733
0.008744732510174364,0.08186195231367517,0.002650280706155234
0.008744964213899767,0.08186412135878865,0.002650350928990783
0.008745555798290745,0.08186965935016201,0.0026505302214614957
0.008745949118057407,0.08187334132945014,0.0026506494255409485
0.008749889731716582,0.08191023054556722,0.0026518437139127393
0.008752763008288866,0.08193712811269925,0.0026527145226486392
0.008762436302962836,0.08202768260208991,0.0026556462242426616
0.008765901926964725,0.08206012530361904,0.0026566965567046672
0.00876667629274169,0.08206737436403726,0.002656931245035707
0.008765951651669282,0.0820605907908582,0.002656711626854035
0.008774762708183831,0.08214307362122356,0.0026593820084871134
0.008777601248443411,0.08216964601175693,0.002660242289630631
0.008783255259921647,0.08222257483690668,0.002661955860344854
0.008784682203877571,0.08223593286906355,0.0026623883266359335
0.008790474261595472,0.0822901539847065,0.0026641437352548734
0.008790682448278997,0.0822921028800374,0.0026642068307412116
0.008793545436763356,0.08231890413742389,0.002665074521449099
0.008799460366393806,0.0823742754923262,0.0026668671690640616
0.008801741532862022,0.08239563014673369,0.0026675585260005036
0.00880428859151642,0.08241947389425414,0.0026683304673264783
0.008808191033566674,0.08245600577497811,0.0026695131869649167
0.008809978093866126,0.08247273495964387,0.002670054794318471
0.008810719822093287,0.08247967849058561,0.00267027959113271
0.008816447626672573,0.08253329811414595,0.002672015526445476
0.008824924239035008,0.08261265011675871,0.002674584547530064
0.008829771772855185,0.08265802927294955,0.002676053697711742
0.008832444555625249,0.0826830499600218,0.002676863742455707
0.008841595612778396,0.08276871563400544,0.002679637168650927
0.008844636582326384,0.08279718302324066,0.0026805588003774167
0.008848920498238606,0.082837285990337,0.002681857133937161
0.008856631863009766,0.08290947429048634,0.0026841942301544957
0.008866529729163637,0.0830021310579921,0.0026871939930024954
0.008866591588402951,0.08300271014009589,0.002687212740785605
0.008871099007426437,0.08304490538400172,0.0026885788118070565
0.008873787789809852,0.08307007584804932,0.0026893937055805974
0.008874740427786227,0.08307899376572188,0.002689682423165246
0.008882815846368727,0.08315459007814702,0.0026921298537800104
0.008879379298236213,0.08312241956418101,0.002691088333390361
0.008882544177743687,0.08315204691013105,0.002692047518715493
0.008878984614785168,0.08311872481905178,0.002690968716016802
0.00887582743921737,0.08308916959189344,0.002690011865537551
0.008880770144328741,0.08313543967387217,0.002691509859441612
0.008875427094223365,0.08308542184743471,0.0026898905323106993
0.00887161474774291,0.08304973337721298,0.002688735118087271
0.008872473490176004,0.08305777231174025,0.0026889953785925913
0.008875526231387517,0.08308634989889825,0.0026899205779768315
0.008874711354777281,0.08307872160493603,0.002689673611959804
0.008873289247744266,0.08306540885260354,0.0026892426116030405
0.008876716120116611,0.08309748878899996,0.002690281199543874
0.008877745353671408,0.0831071237398786,0.00269059313107857
0.008877033243254251,0.08310045746976186,0.002690377310583541
0.008878851289694125,0.08311747672458662,0.0026909283089584925
0.00888930423181434,0.08321532971761837,0.0026940962996078953
0.008897461252684782,0.08329168993249526,0.0026965684615645347
0.008904283585134053,0.08335555574576978,0.002698636117269297
0.008907222682864424,0.08338306948366499,0.002699526874533655
0.008916908920772532,0.0834737451383874,0.002702462498855293
0.00892577525152455,0.08355674540676321,0.0027051496325439595
0.008924583771352763,0.08354559161870939,0.002704788528655718
0.00892633224740492,0.08356195960515574,0.002705318442216918
0.008935788875318738,0.08365048581478289,0.002708184478253597
0.008938173166828337,0.08367280585231791,0.0027089070894687926
0.008939450714851615,0.0836847653462462,0.0027092942780847216
0.008947148882308166,0.08375683010254352,0.0027116273745698472
0.008949619242964762,0.08377995585808064,0.0027123760709053613
0.008951271166953408,0.08379541999293291,0.0027128767222712037
0.008950476505210104,0.0837879809361453,0.0027126358828077042
0.008952990763639947,0.0838115176313442,0.002713397883314769
0.008958199988771103,0.08386028268376654,0.0027149766518869425
0.008962454484244311,0.08390011023768441,0.0027162660689450334
0.00896463599508611,0.0839205319871542,0.002716927223084118
0.00896297467562953,0.08390497989862843,0.002716423724218096
0.008964380523475857,0.08391814044404507,0.0027168497968759597
0.008962136577538988,0.08389713422172038,0.002716169720428198
0.008964346373311088,0.08391782075454551,0.002716839446928412
0.008961081216685611,0.08388725468569659,0.0027158498704494276
0.008965989995981881,0.0839332071783774,0.002717337582399969
0.008968374486555585,0.08395552907940868,0.0027180602539458565
0.008967919431616006,0.08395126917943799,0.0027179223396843056
0.00897324499267917,0.08400112328592883,0.0027195363663819467
0.008972759209119247,0.08399657572651853,0.002719389139146038
0.008976807244890476,0.08403447055187571,0.0027206159841169767
0.008982632732028907,0.08408900460992441,0.0027223815242463033
0.00898500991711141,0.08411125812215456,0.0027231019817047547
0.008991479274768234,0.08417181963703076,0.0027250626607488713
0.008998361558767494,0.0842362466739814,0.0027271484860701485
0.0090070244044241,0.08431734205994282,0.0027297739491906493
0.009014238254194984,0.08438487297929967,0.002731960262704828
0.009020198929787364,0.08444067257528882,0.002733766774624976
0.00902816059699788,0.08451520402845404,0.0027361797304212006
0.009036907396215973,0.08459708532781407,0.002738830637487981
0.00904581170926163,0.08468044115934825,0.0027415292825339
0.009051468540016552,0.08473339637655668,0.002743243707691023
0.009057875470591613,0.08479337349359284,0.002745185466855069
0.009063073148930088,0.08484203045317291,0.002746760735921474
0.009068070160563952,0.08488880891410427,0.0027482751885941265
0.009072110537687523,0.08492663204466133,0.0027494997124459116
0.009074042260917804,0.08494471546056646,0.00275008516303584
0.009075102057386798,0.08495463651966187,0.002750406357324054
0.00908019521614168,0.0850023150414043,0.0027519499494654646
0.009079581200584724,0.08499656706544449,0.002751763858743766
0.00908175010170744,0.08501687077171274,0.0027524211912342005
0.009081890481752428,0.08501818490962779,0.0027524637364492
0.009088909895291725,0.08508389565558316,0.0027545911218495056
0.009094775413352884,0.08513880445459547,0.002756368794217529
0.009098523778267791,0.08517389397500809,0.002757504817440887
0.009099795198971862,0.08518579610934164,0.0027578901490399365
0.009104130864667624,0.08522638352102307,0.0027592041664931226
0.009108457144418287,0.08526688306817702,0.0027605153393322314
0.009110867885042421,0.08528945070346879,0.0027612459665248023
0.0091192194097019,0.08536763172417185,0.002763777077070064
0.00912492216817671,0.08542101688395552,0.002765505421618061
0.00912390951960553,0.08541153718987134,0.0027651985165220855
0.009121787286066616,0.08539167035225695,0.0027645553276543196
0.009123838550545015,0.08541087282811519,0.00276517700781023
0.009127708141950162,0.08544709718451635,0.002766349771348718
0.009128730723873959,0.08545666986756703,0.0027666596869624833
0.009128749406635227,0.08545684476226052,0.0027666653491781852
0.009133395207262635,0.08550033543610072,0.002768073359743761
0.009137847130800068,0.0855420111708246,0.0027694226116554473
0.009133571314867337,0.08550198402996237,0.002768126732970033
0.009132564253430148,0.08549255663864397,0.0027678215211760994
0.009135526866932637,0.0855202905144352,0.00276871940540484
0.009144109259263082,0.08560063275370608,0.0027713204854012347
0.009148384757061674,0.08564065691642327,0.002772616267669204
0.009153439868053502,0.0856879792621293,0.0027741483286114364
0.009155542698682764,0.08570766446353438,0.0027747856370069265
0.009157300364228684,0.08572411847547085,0.002775318335643369
0.0091607211617386,0.0857561415433355,0.0027763550824654874
0.009160259963364727,0.08575182413291209,0.0027762153063030297
0.009160492595392358,0.08575400186812933,0.0027762858104806876
0.009163008993746585,0.08577755859577495,0.0027770484595382146
0.009161822438568754,0.08576645091200392,0.0027766888482761275
0.009162869031577248,0.08577624836971387,0.0027770060409694867
0.009164793489342517,0.08579426377151451,0.002777589289602783
0.009162145500497251,0.08576947518749253,0.0027767867591950712
0.009167079974008497,0.08581566821109854,0.0027782822583343157
0.009164855654251163,0.08579484571507669,0.0027776081300256083
0.00916996652455342,0.08584269003970045,0.0027791570900353025
0.009169903116133301,0.08584209645527029,0.002779137872739376
0.009162374035784224,0.08577161457194396,0.0027768560217666864
0.00916359892876659,0.08578308114691297,0.0027772272521313078
0.009160391165504354,0.08575305235381939,0.002776255069954903
0.009161339056425235,0.0857619258329422,0.0027765423488415046
0.009165741703058602,0.08580314027241595,0.002777876666319467
0.00916813154014315,0.0858255122236706,0.002778600958241337
0.00916685120292484,0.08581352661928664,0.002778212924299405
0.009167586119036513,0.085820406380059,0.002778435656554411
0.009161851265508914,0.08576672076926921,0.0027766975849050912
0.009161048533145803,0.08575920616109184,0.002776454299465349
0.00915906112421157,0.08574060145532038,0.002775851972115998
0.009155683401933633,0.08570898162707252,0.0027748282801764736
0.009155043460070577,0.08570299094751588,0.002774634331925827
0.009155476027624072,0.08570704033660757,0.002774765430897671
0.009156492839663735,0.08571655900611588,0.0027750735978230023
0.00915465201216718,0.08569932649127734,0.002774515695155105
0.009148696700382469,0.08564357710743215,0.0027727108088531167
0.009143259473951762,0.08559267766936803,0.0027710629395457905
0.009139238626264168,0.08555503735946952,0.0027698443345128263
0.00913011999380119,0.08546967522232218,0.0027670807353226815
0.009129993336498495,0.0854684895469386,0.0027670423490821377
0.009126305140312752,0.08543396328327878,0.0027659245612961514
0.00912572528831514,0.08542853512220899,0.002765748824581517
0.009124970348728657,0.08542146791593865,0.0027655200237785144
0.009122679891809782,0.08540002629095456,0.0027648258511696546
0.009118505977760462,0.08536095308288681,0.002763560856058461
0.009115703514840928,0.08533471842269419,0.002762711508934725
0.009109787221626923,0.08527933430289464,0.0027609184480562143
0.00910609207386483,0.08524474296353228,0.002759798553444358
0.009110964474763785,0.0852903549075888,0.002761275240133188
0.009100175777009806,0.08518935880964809,0.0027580054914623574
0.009102634748182306,0.0852123779449538,0.00275875073596788
0.009105661846172031,0.08524071547854849,0.0027596681636180083
0.009115681726907547,0.08533451445959281,0.002762704905629318
0.009120249188315664,0.08537727177750401,0.0027640891737966927
0.009122418971628138,0.08539758374220391,0.002764746773653852
0.009121537955377058,0.08538933629606994,0.002764479762585265
0.009118755696698667,0.08536329077358086,0.002763636538794681
0.009120477399929154,0.085379408131955,0.002764158338272044
0.009121080203277813,0.08538505114721305,0.0027643410308910233
0.009121449081698332,0.08538850432404094,0.002764452827490826
0.0091211080503348,0.08538531183151055,0.002764349470545154
0.009123773484881685,0.08541026372975541,0.002765157288250832
0.009124687694798789,0.08541882191132945,0.0027654343593792917
0.00912322860297797,0.08540516293377717,0.0027649921499810367
0.009124306835040986,0.08541525657376249,0.0027653189315755616
0.009111611288635836,0.08529640991799513,0.0027614712710950927
0.009107135280708317,0.08525450872237915,0.0027601147198870256
0.009104615742480518,0.08523092260147531,0.002759351119222764
0.00910523940298952,0.08523676086660104,0.0027595401330562093
0.009106448543707258,0.08524807998009719,0.0027599065893556467
0.00911381690172581,0.0853170572955317,0.0027621397299428395
0.009119395244774344,0.08536927776678079,0.0027638303676995285
0.009118005293833907,0.08535626603686541,0.0027634091129435183
0.009114408490675421,0.08532259532957974,0.002762319023795145
0.009112292104988547,0.08530278323538765,0.0027616776072456758
0.009108795360213463,0.08527004920336345,0.0027606178429588923
0.009103645849853183,0.08522184315805999,0.0027590571722421933
0.009095172222478139,0.08514251909877144,0.002756489055822726
0.009092920163383807,0.08512143692684987,0.002755806520506765
0.009082994952645208,0.08502852417883372,0.0027527984702897424
0.00907527022651338,0.08495621079915011,0.0027504573246224856
0.009066175666775448,0.08487107401369506,0.002747701021193378
0.009064119957900865,0.08485182993256782,0.0027470779940668836
0.009058972180907008,0.08480364011380523,0.002745517848684445
0.009064944676423341,0.08485955035949688,0.002747327942888712
0.009058894232432571,0.084802910415751,0.0027454942247099397
0.009047344182926638,0.08469478708541757,0.002741993731890394
0.009043756801521297,0.08466120457786878,0.002740906498208502
0.009039474427711757,0.08462111604683846,0.002739608632016396
0.009039780658418125,0.0846239827604232,0.0027397014418687016
0.009032414294690714,0.08455502411412075,0.0027374689056946597
0.00903280608819202,0.08455869180560058,0.0027375876472063194
0.009033270514213518,0.08456303943096027,0.0027377284015773396
0.009029713740359633,0.08452974344949045,0.0027366504441772538
0.009025592197995225,0.0844911605078051,0.002735401321440191
0.00902272823005273,0.08446435008142973,0.0027345333338862883
0.009023716397122843,0.0844736005971519,0.002734832819332793
0.009020164428803566,0.0844403496016716,0.0027337563183541186
0.009021532198416261,0.08445315368580798,0.0027341708505780344
0.009013232056273426,0.0843754536715991,0.0027316553126180217
0.009013129760065294,0.08437449604741765,0.0027316243095351473
0.00901400707439377,0.08438270883879101,0.00273189019865586
0.009016209286755412,0.08440332438113303,0.0027325576268391826
0.009016604833739719,0.08440702721004513,0.0027326775059252116
0.009019421747602,0.08443339714966278,0.002733531232720333
0.00902081312854911,0.08444642226628128,0.002733952920870857
0.00901499984876642,0.08439200248479534,0.002732191080445249
0.009008887283502232,0.0843347810059692,0.0027303385350682537
0.00900913762911057,0.08433712456310234,0.002730414407730439
0.009003427220728704,0.08428366779034184,0.0027286837447123174
0.0090049081481356,0.08429753117708605,0.0027291325718581615
0.009003000337426669,0.0842796716131604,0.002728554368476069
0.008996803689668164,0.08422166301395842,0.0027266763400769045
0.008994139151451083,0.08419671950651426,0.0027258687940234
0.00899514187075334,0.08420610624986061,0.002726172689839238
0.008998492734090592,0.08423747464385144,0.0027271882415946915
0.008998267427101194,0.08423536548042072,0.0027271199574286213
0.00899899047594793,0.08424213414831802,0.0027273390930517964
0.009001756677686408,0.08426802935718138,0.002728177450438748
0.009006510154394624,0.0843125280177361,0.002729618094574207
0.009008608942272409,0.08433217537378362,0.0027302541777262457
0.00900887498079443,0.08433466583678842,0.0027303348064660255
0.009006379017623124,0.08431130040875862,0.002729578350733561
0.009006757969098831,0.08431484788234889,0.0027296932001910456
0.009008467015819704,0.08433084675950184,0.0027302111638388728
0.009011343021761936,0.08435776987704978,0.0027310827997694877
0.009010388679923969,0.08434883600903957,0.0027307935657926567
0.009013471006219664,0.08437769055066675,0.002731727731577837
0.009019150989136256,0.08443086250190936,0.0027334491734993163
0.00902958829682727,0.0845285691365595,0.0027366124257961143
0.009030119041316863,0.08453353758814419,0.0027367732794161687
0.00903602398265396,0.08458881543976401,0.0027385628998623608
0.00904366187992366,0.084660315989534,0.002740877730161164
0.00903936484904709,0.08462009024949005,0.0027395754218272413
0.009050381507372267,0.08472322035180278,0.0027429142588896154
0.009059761271409615,0.08481102701660877,0.0027457569996627096
0.00906749482047382,0.08488342299029611,0.002748100819310837
0.009074119920356146,0.08494544245287079,0.0027501086994116924
0.009085973292422483,0.08505640527279944,0.0027537011207068823
0.009098445895156121,0.08517316488883349,0.002757481213275985
0.009098518563896485,0.08517384516178084,0.002757503237112655
0.009108917352912303,0.0852711912120508,0.0027606548154901454
0.0091217413191959,0.08539124004317954,0.002764541396397938
0.009128510420737647,0.08545460754664201,0.0027665929193225356
0.00913012969875466,0.08546976607317867,0.0027670836766191605
0.009142142255379175,0.08558221906547056,0.00277072434224461
0.009146398164121968,0.08562205984941089,0.0027720141876246785
0.009146994774531516,0.08562764489078745,0.0027721950033392445
0.009152305469999462,0.08567735983617243,0.002773804524696083
0.009150828826370798,0.08566353655110642,0.0027733569958420714
0.00915507184816595,0.08570325669662905,0.0027746429355533665
0.00916167968018563,0.0857651145097826,0.0027766455822542118
0.009169085303365994,0.0858344406750985,0.0027788900168563145
0.009171234092441968,0.08585455610672148,0.0027795412539551086
0.009178323043402374,0.08592091781244542,0.0027816897141779207
0.00918111559256382,0.08594705966710155,0.002782536056722413
0.009183352208417898,0.0859679972704162,0.002783213911629725
0.009184372758759538,0.08597755093524287,0.002783523211528488
0.009184437584415369,0.08597815778682351,0.002783542858348412
0.009185154039378472,0.08598486472748251,0.0027837599955522468
0.009186449403220559,0.08599699100040699,0.0027841525836381762
0.009181473563905761,0.08595041073963461,0.0027826445476956713
0.009184376489448023,0.08597758585928914,0.002783524342194486
0.009179143778294305,0.08592860094746495,0.0027819384556741784
0.00917713807883685,0.085909825018853,0.0027813305849853664
0.009171934049720469,0.08586110860781714,0.0027797533911780806
0.009170198254024965,0.08584485932583094,0.002779227320673778
0.009162918339777676,0.08577670995793825,0.0027770209848882515
0.00916198732721011,0.08576799448192787,0.0027767388213524153
0.009154734726713543,0.08570010080589957,0.0027745407635909993
0.009155230956437443,0.08570474615485076,0.002774691156763294
0.009147616833004002,0.08563346815878928,0.0027723835316408037
0.009146027293389933,0.08561858802198279,0.002771901787211693
0.009146600356139182,0.08562395262694894,0.002772075466297472
0.009147421973174254,0.08563164401996373,0.0027723244751463264
0.009146353584423539,0.08562164252605164,0.0027720006767809223
0.00914773226042844,0.08563454870805753,0.0027724185144233633
0.009146061179431739,0.08561890523895142,0.002771912057111053
0.009149023942824684,0.08564664051791024,0.0027728099867673443
0.009152216178915441,0.08567652395669256,0.0027737774630979223
0.00915407880875442,0.08569396056951968,0.0027743419734382003
0.009156729661950167,0.0857187759675491,0.0027751453719494024
0.009159791352542487,0.08574743733243087,0.0027760732836374503
0.009159452199565933,0.08574426242402042,0.0027759704959776617
0.009158493159822352,0.0857352845775666,0.0027756798381987197
0.00915350292993536,0.08568856960251532,0.002774167440881434
0.009154248790823391,0.08569555182048225,0.0027743934901881136
0.009151027555620646,0.08566539691268472,0.0027734172250481687
0.009151243763912222,0.08566742090059222,0.0027734827516566734
0.009153882865980886,0.08569212629294634,0.002774282588734139
0.009155705321834776,0.085709186825562,0.0027748349234775703
0.009156889988335309,0.08572027682888246,0.00277519396233507
0.009156297818489497,0.08571473335689825,0.0027750144924295816
0.009160636566309128,0.08575534962122633,0.0027763294439872035
0.009158724797322144,0.08573745300272312,0.002775750040963162
0.009163150121709911,0.08577887973516835,0.0027770912314260755
0.009163646405492172,0.08578352559017537,0.0027772416409819283
0.009170689524951724,0.08584945825405806,0.0027793762109751302
0.009173311006121643,0.08587399869211873,0.0027801707076573444
0.009178265445614541,0.08592037862301276,0.002781672257920038
0.009182834734806161,0.0859631530513302,0.002783057080036816
0.009181063502131211,0.08594657203360274,0.002782520269587889
0.009189377038157837,0.0860243974318042,0.002785039866854662
0.009194514115158071,0.0860724870848537,0.0027865967693721395
0.009198003430456382,0.08610515156741223,0.0027876542819949717
0.00919834006432837,0.08610830289376144,0.002787756306185527
0.009201664303457906,0.08613942205089797,0.002788763788897823
0.009200314301957868,0.08612678429916676,0.0027883546416855244
0.009199835808771114,0.08612230498703333,0.0027882096239552046
0.00919881885091287,0.08611278495247542,0.002787901412836392
0.009200167913663921,0.08612541391630778,0.002788310275540465
0.009200266557375962,0.0861263373484244,0.0027883401716552406
0.009201899731281745,0.08614162595836641,0.0027888351404021126
0.009203534626886273,0.08615693068562477,0.0027893306309471027
0.009201941516208394,0.08614201711906443,0.0027888478042297116
0.009200157993191939,0.08612532104792062,0.0027883072689264305
0.009199067255631079,0.08611511034037868,0.00278797669726976
0.009198883693176648,0.08611339195952784,0.0027879210646897146
0.009196972895129128,0.08609550443026778,0.00278734195592992
0.009201516558233367,0.08613803896542205,0.0027887190115055394
0.00919894574735029,0.08611397286646785,0.002787939871551897
0.009197025971219892,0.08609600129079566,0.00278735804178951
0.009202025376421206,0.08614280215859928,0.002788873219884652
0.00921055022769412,0.08622260573950612,0.0027914568608165113
0.009218842377186691,0.08630023093222058,0.002793969976430642
0.00922059940908559,0.08631667901240533,0.002794502483026623
0.009226175381608932,0.08636887729248731,0.0027961924023442775
0.009222661746332558,0.08633598514362997,0.0027951275190250214
0.00922567745537775,0.08636421606204424,0.0027960414950086833
0.00922991108345901,0.08640384827031347,0.0027973245877513995
0.00923266700709043,0.08642964726286506,0.0027981598301352567
0.009245068958053809,0.08654574548738815,0.002801918510154192
0.009248780253717259,0.08658048799189239,0.002803043298737517
0.009251804528661535,0.08660879909814793,0.0028039598708025403
0.009254546795367313,0.08663447024429663,0.002804790974159104
0.009252092757229468,0.08661149728854499,0.002804047224716644
0.009248376824874473,0.08657671137863962,0.0028029210308834584
0.009246978082343656,0.08656361734812197,0.0028024971116454495
0.009247776256459863,0.08657108928524102,0.0028027390156096788
0.009248064733829706,0.08657378980474417,0.0028028264449285935
0.009243040505189825,0.08652675655760342,0.0028013037435524113
0.009244359900593479,0.08653910779687701,0.002801703614923894
0.009241165901918145,0.0865092078580343,0.002800735604403861
0.009235776751978965,0.0864587584778138,0.002799102305719222
0.00923787972620506,0.08647844502347007,0.0027997396576348445
0.009227206708331978,0.08637853183811504,0.0027965049682589747
0.009223531609498094,0.08634412818252725,0.0027953911499093206
0.009224610899100625,0.08635423172244368,0.0027957182520141144
0.009220957471547416,0.08632003093793778,0.002794611001615736
0.00921621280720431,0.08627561477246354,0.002793173028258508
0.009217243465078163,0.0862852630568019,0.0027934853914639624
0.009214653587616521,0.08626101847013025,0.0027927004729704674
0.009215424433326503,0.08626823457819055,0.0027929340944689196
0.009214229892245216,0.08625705213608391,0.002792572062905717
0.00921103919888431,0.08622718313923877,0.002791605054132856
0.00920774760308277,0.08619636956566999,0.0027906074646885663
0.009208103235497369,0.0861996987428325,0.0027907152467992026
0.009202838855720813,0.08615041737193543,0.0027891197624164104
0.009201424837182292,0.08613718033832274,0.0027886912134531994
0.009202306208791807,0.08614543111106907,0.0027889583322208617
0.009202519481401661,0.0861474276172169,0.0027890229691073976
0.00920327697714479,0.08615451875240368,0.00278925254460907
0.009199424484937675,0.08611845446650576,0.0027880849633531244
0.009199958513454225,0.0861234536608099,0.002788246812268721
0.009196699040585246,0.08609294079923778,0.002787258958375324
0.009193664260640349,0.08606453135265464,0.0027863392025421945
0.009191652148276459,0.0860456953909839,0.0027857293882831047
0.009191883343508239,0.08604785967594253,0.0027857994570086404
0.00919324412570918,0.0860605983489109,0.0027862118715459906
0.00919084710641955,0.08603815916297189,0.0027854854029012153
0.009190243401181663,0.08603250770486978,0.0027853024369451597
0.009188338206127623,0.08601467262684073,0.0027847250262939692
0.00918569208348603,0.08598990151288724,0.002783923061479725
0.009184966608162155,0.08598311013004065,0.0027837031904600663
0.009182892232087484,0.08596369129989258,0.0027830745058340226
0.009176102009425764,0.08590012607556054,0.002781016581696273
0.009171257892616398,0.08585477890698918,0.0027795484671137754
0.009172840604706311,0.08586959512938133,0.0027800281423137215
0.009165325618811488,0.08579924518828891,0.002777750562970854
0.00916303731209356,0.08577782369195334,0.0027770570420269903
0.00916095391486919,0.08575832041223229,0.002776425623346021
0.009159306706703783,0.08574290042355562,0.002775926401212614
0.009157640880507266,0.0857273061461431,0.0027754215364813833
0.009156218923933928,0.08571399480230686,0.0027749905817246855
0.009151824408421291,0.08567285648058935,0.0027736587285590807
0.009146957866019672,0.08562729937960879,0.0027721838174148356
0.009148234227099103,0.08563924776221489,0.002772570646301708
0.00914192494755006,0.08558018478447642,0.0027706584823974246
0.009139113150178355,0.0855538627417964,0.0027698063062656588
0.009141231960019742,0.08557369752919504,0.0027704484575076897
0.009138608596185453,0.08554913946697253,0.002769653390243236
0.00913708566858752,0.08553488290437854,0.0027691918340292552
0.009130210849780138,0.08547052575123287,0.002767108271196165
0.009127152788965276,0.08544189836574026,0.0027661814595908414
0.009130557397276966,0.08547376988187114,0.002767213299925579
0.009123955446005118,0.08541196712008692,0.0027652124355128146
0.00911746815529742,0.08535123772877155,0.0027632463214689795
0.009106074200604795,0.0852445756468123,0.0027597931365655488
0.00910084616512307,0.0851956345052964,0.0027582086671089716
0.009096983882677908,0.0851594785701686,0.002757038118709209
0.009093459142563733,0.08512648246573558,0.00275596986982819
0.00908249671028872,0.08502385998905089,0.002752647467145523
0.009071108994184243,0.08491725630830689,0.0027491961729814362
0.009057846120349223,0.08479309873754513,0.002745176571628024
0.009051548965539039,0.08473414926296904,0.0027432680823886234
0.009048785716153094,0.08470828169192558,0.0027424306197760913
0.009048881738491825,0.08470918058461387,0.002742459721426874
0.009047812871705155,0.08469917461566988,0.002742135778182313
0.009045341193441232,0.0846760365256322,0.0027413866825173427
0.009041113152375931,0.08463645661902383,0.0027401052830408968
0.009031277426657913,0.08454438156598337,0.002737124353198712
0.009024540069209474,0.08448131122809453,0.002735082451009561
0.009013447041856327,0.08437746621337955,0.0027317204686581635
0.009013431019408656,0.08437731622264563,0.0027317156127081525
0.009003130726149557,0.08428089221944003,0.002728593885604371
0.009002115038422388,0.08427138407494385,0.0027282860594263075
0.008999780897870647,0.08424953351492753,0.0027275786475457796
0.008995491198010172,0.08420937640263056,0.002726278561035165
0.008992100212976804,0.08417763241792034,0.0027252508495301713
0.008988671091183467,0.08414553142404804,0.002724211579853556
0.008985576497169271,0.08411656204078496,0.002723273696070414
0.008982061891307005,0.08408366080599437,0.0027222085185940686
0.008973990384776353,0.08400810111541,0.0027197622736113997
0.008963452481530725,0.0839094527768844,0.002716568533651633
0.008963236953239832,0.08390743515465857,0.002716503213132072
0.008962808687359687,0.08390342603476643,0.002716373417875564
0.008954002329322983,0.0838209871882015,0.002713704460218024
0.008947088375342372,0.08375626367946053,0.0027116090366225347
0.008948365544408745,0.08376821962586439,0.00271199611038736
0.008941752512252156,0.08370631313273594,0.002709991887672326
0.00894025940084647,0.08369233568808004,0.0027095393679015924
0.008936236942117702,0.08365468029676247,0.0027083202746076857
0.00893211601922973,0.08361610315417395,0.002707071339616382
0.008927603594967349,0.08357386105478941,0.0027057037516488077
0.008928189329894396,0.08357934428765108,0.0027058812713127043
0.008916479973413625,0.08346972963897686,0.002702332497061877
0.008916036943325637,0.08346558230709517,0.0027021982271922067
0.00891112388366734,0.08341958974471618,0.002700709217985187
0.008911304101702329,0.0834212768174962,0.00270076383696644
0.00891080163488726,0.08341657308134343,0.002700611553508494
0.008913730742665871,0.08344399330043135,0.0027014992831014654
0.00891160793494442,0.08342412108772933,0.0027008559202152376
0.00890518707734974,0.08336401359586297,0.002698909940166064
0.008911846504391065,0.08342635440483102,0.0027009282238564048
0.008909723046908645,0.08340647610952995,0.0027002846640460333
0.00891461995342344,0.08345231745769381,0.002701768777692838
0.008910752013074346,0.08341610855730248,0.0027005965145426684
0.008909547698976061,0.08340483462717715,0.002700231521054861
0.00890898974355852,0.0833996114462816,0.002700062420573367
0.008911185764987437,0.0834201690335245,0.002700727972460356
0.008914925598629527,0.08345517869024227,0.002701861410096594
0.008916747752715854,0.08347223639792509,0.002702413653382825
0.00892481052623425,0.08354771433627381,0.002704857251636865
0.008925143657436041,0.08355083287312137,0.002704958214267305
0.008925576504076316,0.0835548848748246,0.002705089397822447
0.008931250356734617,0.08360799943895886,0.0027068089818362935
0.008936194564187464,0.08365428358478756,0.002708307431057498
0.008938967737246048,0.08368024405418044,0.0027091479012540925
0.008940818513320367,0.08369756970051244,0.002709708819054091
0.008947233447351464,0.08375762174019895,0.002711653003838942
0.008948274915166221,0.0837673712194985,0.0027119686432312646
0.008950522971454976,0.08378841592000756,0.0027126499654102454
0.008953809049909443,0.08381917784410593,0.0027136458827029305
0.008967367457542815,0.08394610199162457,0.0027177550519788462
0.008969759097394116,0.08396849081909653,0.0027184798902682513
0.00897780647465237,0.08404382462863261,0.0027209188223519813
0.008984206894673188,0.08410374079850082,0.0027228586083514646
0.00899208228507812,0.08417746458971226,0.0027252454160919355
0.008990185185731728,0.0841597052979274,0.002724670459020401
0.008993876756404541,0.08419426315112977,0.002725789269517827
0.008997640455022925,0.08422949621474408,0.0027269299399523407
0.00900172009594269,0.084267686904973,0.0027281663635485014
0.009007408091435992,0.08432093386424722,0.002729890233855004
0.00901270817238056,0.0843705494440306,0.002731496538250491
0.009012654695475105,0.08437004883136127,0.0027314803309153217
0.009012734497195128,0.08437079587817964,0.002731504516556066
0.009011416265621259,0.08435845553385088,0.0027311049979084224
0.009012085716946203,0.08436472245995469,0.0027313078896410337
0.009017722448732177,0.08441748952494282,0.002733016223370025
0.009024096847481499,0.08447716210221587,0.002734948123059239
0.009025452439347515,0.08448985218696842,0.0027353589645531034
0.009035167947510504,0.08458080184895256,0.0027383034598598395
0.00903792655447911,0.0846066259609941,0.0027391395154871844
0.009040561922386545,0.0846312963967926,0.0027399382208461607
0.00904001510913692,0.08462617752093068,0.0027397724972401316
0.009038074976182734,0.08460801537918501,0.0027391844979011153
0.009039004837545278,0.08461672007843456,0.0027394663125393194
0.009039187517627981,0.08461843019915027,0.0027395216776974905
0.009039751582147116,0.08462371056910024,0.002739692629674621
0.009048815375683935,0.08470855934331131,0.0027424396087397046
0.00904879661731039,0.08470838374078958,0.0027424339236080636
0.009041505906275251,0.08464013330106523,0.0027402243156219876
0.009036038200165993,0.08458894853397711,0.002738567208787509
0.009042832411147967,0.08465255109412041,0.002740626341672149
0.009045981837857382,0.0846820337819901,0.0027415808436919305
0.009051314748214946,0.0847319566873364,0.0027431970977525168
0.009056548537235923,0.08478095168938551,0.002744783310943857
0.009058283659537581,0.0847971946675385,0.00274530917736156
0.009055968929758669,0.08477552581734102,0.002744607648336416
0.00904792737318284,0.08470024649688467,0.002742170480336642
0.009048278984365481,0.08470353803014002,0.0027422770437257843
0.009041438579524823,0.08463950303601978,0.002740203910791141
0.009038988033624486,0.08461656277210634,0.0027394612197469436
0.009029096000344083,0.08452396060780418,0.0027364632246776603
0.009021593836000716,0.08445373069293698,0.002734189531183835
0.009016262514339922,0.08440382265983738,0.002732573758612236
0.009008499150687682,0.0843311475832294,0.002730220903007052
0.009004038149394062,0.08428938686902289,0.0027288688998846167
0.008994091544053322,0.08419627383999208,0.0027258543655697444
0.008995092190500095,0.08420564117874296,0.0027261576331618037
0.008993772826774393,0.08419329023601574,0.00272575777139101
0.00899397548789011,0.08419518740491959,0.0027258191922342723
0.00898915357627283,0.08415004810552817,0.0027243578074164754
0.00898597524704438,0.08412029485287766,0.0027233945458619148
0.008975886179568805,0.0840258481948908,0.0027203368353095904
0.008969521573625641,0.08396626729088848,0.002718407903542515
0.008964887812928157,0.08392288932628991,0.0027170035419386363
0.008958076790505367,0.08385912938942125,0.0027149393139825136
0.008953884904043787,0.08381988793644109,0.0027136688719422808
0.008948126214024441,0.08376597918540675,0.002711923576127544
0.008947723810013354,0.08376221216589778,0.0027118016188709417
0.008938851854294555,0.08367915924059259,0.0027091127804141856
0.008933338265767029,0.08362754495501068,0.0027074417679184715
0.008931300282257306,0.08360846680611422,0.002706824112847948
0.008928070813924749,0.08357823482562417,0.002705845352479583
0.00892623995180827,0.08356109559957034,0.0027052904700360903
0.008926312105139922,0.08356177104762869,0.0027053123376669795
0.008915203828724579,0.08345778328206332,0.002701945733756801
0.008905996193595308,0.0833715879653973,0.002699155160379738
0.008901010989953466,0.08332492004247026,0.0026976442863749757
0.008899372414303674,0.08330958086525135,0.0026971476805125127
0.008898938339367213,0.08330551736511481,0.0026970161246955924
0.008891783046989487,0.0832385346183316,0.002694847558268486
0.00888665867056223,0.08319056385899307,0.002693294504934901
0.008889570227135364,0.08321781977620622,0.0026941769152546767
0.008883456212063838,0.08316058472531723,0.002692323930482146
0.008882133539286132,0.08314820280560394,0.002691923065831428
0.008880999693950554,0.08313758855380331,0.0026915794294293826
0.008875627137244579,0.08308729450760403,0.002689951159683681
0.008867287900871362,0.08300922852107756,0.0026874237733698868
0.008856878274374622,0.08291178101803644,0.00268426891045893
0.008843564841784305,0.08278715015224704,0.002680233986178998
0.008845062935617284,0.0828011742388356,0.0026806880159823032
0.008846246108278001,0.08281225025789254,0.0026810466020992718
0.008847901903752039,0.08282775063483136,0.002681548426802666
0.008846319045796039,0.08281293304694488,0.0026810687073948406
0.00884677994411119,0.08281724764843236,0.0026812083926179985
0.008848370837213597,0.08283214045563189,0.0026816905472510835
0.008845708357369933,0.08280721621721242,0.0026808836250322527
0.008846422620081179,0.0828139026355722,0.002681100097826651
0.008851367118466383,0.08286018950490226,0.002682598635221211
0.00885023285593313,0.08284957134759435,0.0026822548723783677
0.008858628385621207,0.08292816431200738,0.0026847993196012394
0.008857944072025881,0.08292175825592243,0.0026845919235354895
0.00886391452416966,0.08297764937301681,0.0026864013984514196
0.008870089079304522,0.08303545115682437,0.0026882727312021897
0.008874427321122197,0.08307606268432284,0.0026895875294049524
0.008878281335789715,0.08311214122240981,0.0026907555720755184
0.008884092407085258,0.0831665403296133,0.0026925167431712314
0.008894762328165592,0.08326642452500212,0.002695750493996944
0.008899210358941334,0.08330806381846591,0.0026970985661228346
0.008902215475951767,0.08333619558180104,0.002698009331960809
0.00891147490607048,0.08342287576623754,0.002700815602931941
0.008917449931832088,0.08347880969828184,0.002702626463981875
0.008923160530032892,0.08353226824799195,0.00270435718452874
0.008931931410481847,0.08361437497866964,0.0027070153899344303
0.008936579436814857,0.08365788648797913,0.0027084240750483253
0.00894177655525094,0.08370653820615212,0.002709999174424176
0.008946563589449065,0.08375135100800683,0.002711449988884222
0.008952216797346028,0.08380427231060152,0.0027131633160557243
0.00895966106127145,0.08387396020302867,0.002715419461573054
0.008966582332062182,0.08393875220653041,0.0027175171026864228
0.008966873903491471,0.08394148169041259,0.002717605469727108
0.008973685563259956,0.08400524759365732,0.002719669890844656
0.00897357248341156,0.08400418902072254,0.0027196356195458926
0.008974540953924866,0.08401325515132002,0.002719929135523987
0.0089764986200608,0.08403158142621515,0.0027205224486737166
0.008976437664738048,0.0840310108059339,0.002720503974842111
0.008978786522309481,0.08405299913619796,0.0027212158470344095
0.008979500268984196,0.08405968072379158,0.002721432163432753
0.008984612940004315,0.08410754190545237,0.0027229816691890212
0.008990027063202411,0.08415822506752134,0.002724622536561004
0.008988912008727597,0.08414778672236461,0.002724284595136555
0.008989975593527256,0.0841577432451113,0.0027246069375604785
0.008987664094010516,0.08413610463432564,0.002723906387536293
0.008989103352157374,0.0841495779431602,0.002724342585909812
0.008994008507966856,0.0841954965153406,0.002725829199684153
0.008994455865260934,0.0841996843554412,0.0027259647810074093
0.008993783475343829,0.08419338992033226,0.0027257609986707575
0.008990795486237983,0.08416541849623073,0.0027248554238154706
0.008990059746678377,0.0841585310269258,0.0027246324419967233
0.008992733414863356,0.08418356000262137,0.002725442755084867
0.008999496549687548,0.08424687164992731,0.002727492469666397
0.009002146048384453,0.0842716743681041,0.00272829545766737
0.009001522948179512,0.08426584134814559,0.002728106613646214
0.009005200212449032,0.08430026527499825,0.002729221088278069
0.009006736533571022,0.08431464721821726,0.0027296867036897842
0.009002071440656328,0.08427097594373548,0.0027282728461784367
0.009003222725618347,0.0842817534528875,0.0027286217680372333
0.009001449940087596,0.08426515789843092,0.0027280844869617014
0.009001452750360859,0.08426518420620598,0.0027280853386759192
0.009002156753180064,0.08427177457876996,0.002728298701987678
0.009003179264027656,0.08428134659645585,0.0027286085960602584
0.008997612568128026,0.08422923515751245,0.0027269214882244663
0.008997869570710493,0.08423164103249217,0.0027269993784269347
0.008993180648486861,0.0841877466850062,0.002725578298927076
0.008996260334011814,0.08421657650562009,0.002726511664369451
0.008999627466120253,0.08424809719625005,0.002727532146728596
0.00899745190542383,0.08422773114779986,0.002726872795910021
0.008994696226614701,0.08420193444710006,0.002726037627724865
0.008992030546871302,0.08417698025350022,0.0027252297357070704
0.008991454677234941,0.08417158937245774,0.00272505520593332
0.008987145368698369,0.08413124869771266,0.002723749176588448
0.008986476594983063,0.08412498811490725,0.002723546490220123
0.00898408893936445,0.08410263658498167,0.002722822859438782
0.00898619392591741,0.08412234196860763,0.0027234608212336727
0.008986662948949661,0.08412673262790514,0.0027236029688284297
0.008986684948505548,0.08412693857206557,0.0027236096362706235
0.008990187183162808,0.08415972399645338,0.002724671064385179
0.008994734450362526,0.08420229227058044,0.0027260492122600424
0.008998757408037995,0.08423995233268138,0.0027272684567705595
0.009003041409906288,0.08428005610443719,0.002728566816381155
0.00901297991142979,0.08437309327130763,0.002731578894658585
0.00901502817638098,0.08439226766773027,0.0027321996657427685
0.009010240136861287,0.08434744545477167,0.0027307485465982335
0.00901046493161903,0.08434954982305477,0.0027308166755213984
0.009015318496831463,0.08439498544084058,0.0027322876536472144
0.009020789145326384,0.0844461977524459,0.0027339456522354364
0.009018619688595448,0.08442588884496956,0.0027332881513558904
0.00901840545421788,0.08442388333543796,0.0027332232229848046
0.009021520695679882,0.08445304600538941,0.002734167364424483
0.009023645468912971,0.08447293661781036,0.002734811323001611
0.00901408201297728,0.08438341036039188,0.0027319129104176874
0.009016649827167348,0.08440744840644225,0.0027326911421585685
0.009021784576627903,0.08445551627072438,0.0027342473392647027
0.009026086538785562,0.08449578817390677,0.002735551142130232
0.009030386423268099,0.08453604062737564,0.0027368543153112874
0.009030668453004941,0.0845386807887347,0.002736939790535286
0.009029836651836818,0.08453089405912576,0.002736687695164197
0.009031473194598197,0.08454621420589241,0.0027371836849157676
0.009029998888729079,0.0845324128052649,0.0027367368645704517
0.009032645551970964,0.08455718897993295,0.0027375389932253295
0.009030885808426585,0.08454071551525617,0.002737005664806419
0.00903213759835522,0.0845524338802634,0.002737385046873528
0.00902927662088902,0.08452565144859539,0.002736517965648276
0.009035277349600579,0.08458182599333548,0.002738336616534237
0.009034766970813604,0.0845770481909416,0.0027381819351817343
0.009035923240006436,0.08458787235890958,0.0027385323676196983
0.009037561472948714,0.08460320832794505,0.0027390288696172217
0.009036761376996988,0.08459571839997178,0.002738786383199087
0.009039412765348436,0.0846205388077474,0.002739589943900823
0.009040838456774395,0.08463388511461158,0.0027400220305855505
0.009040365258780974,0.0846294553723036,0.0027398786176783298
0.009040535330183895,0.08463104745954692,0.002739930161502832
0.009039709864280389,0.0846233200361694,0.002739679986170985
0.0090429921449055,0.08465404640769654,0.002740674752449176
0.009043929720993967,0.08466282332671092,0.0027409589052022672
0.009048192564539832,0.08470272902933436,0.0027422508523247003
0.009054318049064062,0.08476007144906386,0.002744107313163443
0.009058473635372634,0.08479897308588714,0.002745366753655597
0.009066653694082594,0.0848755489645957,0.0027478458977287868
0.009071606374350286,0.08492191242687736,0.002749346914820155
0.009072972560191012,0.08493470168486952,0.0027497609670476516
0.00907459811847662,0.08494991900280403,0.0027502536277157815
0.009079378482961427,0.084994669367557,0.002751702420774658
0.009085118628254903,0.08504840451608685,0.002753442096208312
0.009095315580660058,0.08514386111588156,0.002756532503626666
0.009092324824421166,0.08511586378785291,0.0027556260901317386
0.009097296644299764,0.08516240642152875,0.0027571329078969935
0.009100859835949859,0.08519576248183192,0.002758212810349309
0.00911075943074837,0.08528843543167658,0.00276121309710053
0.009116527282307002,0.08534242994651116,0.002762961169518299
0.00912629322815283,0.08543385177012888,0.0027659209510579232
0.009132803798765736,0.08549479909132232,0.002767894120581561
0.00913777397389303,0.08554132632800884,0.002769400439869287
0.009138196178123968,0.08554527870306199,0.0027695283980116326
0.009136215993410433,0.08552674162529511,0.0027689282601189302
0.009139629805432883,0.08555869930000552,0.002769962889837679
0.009139600254667458,0.08555842266680408,0.0027699539338377826
0.009138852622269216,0.08555142386522131,0.0027697273476365407
0.009146227973544951,0.08562046664654462,0.0027719626076818825
0.009151586335017168,0.08567062780708418,0.0027735865752543504
0.009151449831945638,0.08566934996263102,0.00277354520504018
0.009161214535165205,0.08576076015366743,0.0027765046099749837
0.00915804567185903,0.08573109551423372,0.002775544217273317
0.009179043890452775,0.08592766586869491,0.002781908182498998
0.009187010748569667,0.08600224591542543,0.002784322711511899
0.009193260772662635,0.0860607541858228,0.002786216916766014
0.009197476304189673,0.08610021698705105,0.0027874945249557782
0.009195663862198564,0.08608325019708066,0.0027869452251304866
0.009198812485989152,0.08611272536859665,0.002787899483808317
0.009207725437173832,0.08619616206423088,0.0027906007468294753
0.009209095608035029,0.08620898862714409,0.0027910160068037905
0.009211348179955557,0.08623007559977898,0.0027916986975428447
0.009210613460678524,0.08622319768163221,0.002791476024942843
0.009207463469114765,0.08619370970599878,0.002790521351731711
0.009214574231732851,0.08626027559691404,0.0027926764224500927
0.009213929976666604,0.08625424454022367,0.002792481166989742
0.009220682192096638,0.0863174539679451,0.0027945275722122236
0.009228305238892372,0.08638881549816357,0.0027968379017530463
0.009229767420735812,0.086402503402305,0.002797281047649625
0.009228518122525895,0.08639080836299227,0.0027969024207518756
0.009227239925399977,0.08637884279262777,0.0027965150354113243
0.009225533043954433,0.08636286418523895,0.0027959977279971115
0.009228200922410605,0.08638783896162047,0.0027968062863824635
0.009233180742562333,0.08643445648815055,0.002798315528803875
0.009231724909832026,0.08642082801988048,0.0027978743071436314
0.009228704966776973,0.086392557465684,0.00279695904795152
0.00924034923059813,0.08650156276327844,0.0028004880944611397
0.009237373552665245,0.08647370658760246,0.0027995862507736308
0.009245197446740688,0.08654694830688504,0.0028019574514354033
0.009254332830166143,0.08663246725460258,0.002804726127367759
0.009260327628259367,0.08668858628112132,0.0028065429808513034
0.009264475579014395,0.08672741643933513,0.0028078001072234754
0.009262850991151731,0.0867122082058085,0.00280730774066305
0.009261127414852355,0.08669607331309855,0.0028067853735115667
0.009260263952753318,0.08668799019642305,0.0028065236826091966
0.0092729438846633,0.08680669068041703,0.002810366610778502
0.009267894436889251,0.08675942134971897,0.0028088362661971523
0.00926361134374598,0.08671932608479901,0.002807538181995369
0.009264352340351728,0.08672626276682259,0.0028077627570758817
0.0092731492335651,0.08680861301045827,0.002810428846213587
0.009285266246135506,0.08692204384485698,0.0028141011694772454
0.009295902280514053,0.08702161081709886,0.0028173246502035763
0.009302407407011291,0.08708250717436213,0.0028192961697699748
0.009301725025211443,0.0870761192023694,0.0028190893591767104
0.009302383889362853,0.0870822870189014,0.0028192890422369336
0.009304114108668908,0.08709848409870453,0.0028198134226955596
0.009311514751140226,0.08716776363817275,0.0028220563477858434
0.009315021015462397,0.08720058678541101,0.002823118997177682
0.009323488258236656,0.0872798510766181,0.002825685178605512
0.00933145568317299,0.08735443642950821,0.002828099879405329
0.009339355596251389,0.08742838978450836,0.002830494119273459
0.009336129889381236,0.08739819301614807,0.0028295164988977944
0.009331968737461055,0.08735923927803618,0.0028282553716264223
0.009340075177486841,0.0874351259911006,0.0028307122039618825
0.009343920973738094,0.08747112759423276,0.0028318777558632856
0.009345636449284062,0.08748718665346367,0.0028323976679058864
0.009338985806069053,0.08742492807241628,0.002830382046344478
0.009336810119826115,0.08740456084868913,0.0028297226574763106
0.009339600688495535,0.08743068416339066,0.002830568399789773
0.009336228237878955,0.08739911368467863,0.0028295463055414715
0.009342596290182498,0.08745872685105019,0.00283147628180275
0.009341805402081077,0.08745132312040792,0.002831236586023207
0.009338221937900995,0.08741777728312973,0.0028301505395413257
0.009341085931274036,0.08744458794756774,0.0028310185348025063
0.00934912962273007,0.08751988725325076,0.002833456349823994
0.009354437960409568,0.08756958012670095,0.002835065156601944
0.009342711202637265,0.08745980257953946,0.0028315111085125905
0.009328956913387506,0.08733104472795712,0.0028273425730676125
0.009341338841094289,0.08744695550902502,0.002831095184604686
0.009345947355220034,0.08749009713321533,0.0028324918946878463
0.009344510258621479,0.08747664405925516,0.0028320563514183865
0.00934522686709352,0.08748335243695539,0.0028322735351464317
0.009341100612950596,0.08744472538695827,0.0028310229844027753
0.00933947743456321,0.08742953034793448,0.0028305310450143797
0.009333345952754124,0.08737213178589913,0.0028286727665684853
0.009327052630233541,0.08731321818648657,0.0028267654387875035
0.009331863424979527,0.08735825341765326,0.002828223454396525
0.009329200906978334,0.08733332882203022,0.002827416520613229
0.009331397111709177,0.0873538881252151,0.0028280821280538392
0.009337271146814848,0.08740887665472696,0.0028298623816967864
0.009342469449412234,0.08745753945817399,0.0028314378399583832
0.009355190065338654,0.08757662079692938,0.002835293098300589
0.009345729114919427,0.08748805412308773,0.002832425752234966
0.009346609880615793,0.08749629922370705,0.0028326926873675166
0.00934631777559858,0.0874935647447551,0.002832604158611447
0.009347976125925073,0.08750908903840145,0.0028331067576182474
0.009348618407551832,0.08751510162115805,0.0028333014149849924
0.009351410195530282,0.08754123635016159,0.002834147526836482
0.009342145680384226,0.08745450856332379,0.0028313397147376085
0.009340418832444486,0.0874383430438489,0.002830816356044609
0.009345999702684668,0.08749058717286476,0.0028325077597214973
0.009343860823713555,0.08747056451257933,0.0028318595260947567
0.009338572523172644,0.08742105921253765,0.002830256792005907
0.009335920052252311,0.08739622867052381,0.002829452903208209
0.00933076247249031,0.0873479470852335,0.002827889786884435
0.009336921547628106,0.08740560395634306,0.002829756428086607
0.009328236101334417,0.08732429699932753,0.0028271241153532294
0.009325125451771731,0.08729517731546427,0.002826181365588156
0.009325465815991169,0.08729836356266718,0.0028262845203413504
0.00933222760847533,0.0873616626439426,0.0028283338280976427
0.009333388733905747,0.08737253227254525,0.002828685732323653
0.009341682319793983,0.08745017091177204,0.00283119928326862
0.009342745759100733,0.0874601260725178,0.0028315215815977648
0.009343559977943885,0.08746774820893347,0.002831768348264222
0.00933981012182302,0.08743264472891366,0.00283063187309858
0.009342387498509132,0.08745677229223565,0.0028314130029611297
0.009346736769900686,0.08749748707074262,0.0028327311439152935
0.009353087395334025,0.0875569370991776,0.002834655838585875
0.009352622979316206,0.08755258956746521,0.0028345150872466866
0.00935725321895796,0.08759593457044992,0.002835918381718317
0.00936117304210428,0.08763262916060563,0.002837106369074608
0.009366138026321871,0.08767910780369573,0.002838611115144649
0.009368466768245163,0.08770090782560074,0.002839316890853824
0.009363876142798383,0.08765793366247143,0.002837925602322513
0.009364509356532245,0.08766386135807851,0.0028381175114677924
0.00935823945357228,0.08760516699589846,0.002836217281492213
0.009364372041115602,0.0876625759090295,0.002838075895054831
0.009359849547158369,0.08762023954433966,0.002836705255247997
0.00935639294970849,0.0875878813429561,0.0028356576584782044
0.009350365479034804,0.08753145645902888,0.0028338309028610605
0.009349651339338589,0.08752477119224811,0.002833614467349033
0.009348335174829305,0.08751245019830456,0.0028332155751701104
0.00934376009788029,0.08746962158912801,0.00283182899894802
0.009344423142760518,0.08747582854266307,0.0028320299490687175
0.009332541332813978,0.08736459950757113,0.0028284289090576152
0.009323741780700558,0.08728222437320853,0.002825762014082627
0.009332052690500015,0.08736002518654327,0.002828280815414339
0.009325872552393652,0.08730217113893618,0.0028264077906230596
0.009322388708883904,0.08726955787936173,0.002825351936344337
0.009319932801097552,0.0872465674212935,0.002824607620264378
0.009322112599235929,0.0872669731376547,0.0028252682553315716
0.0093229952125675,0.08727523553451777,0.002825535750430014
0.009324874178962021,0.0872928250785328,0.0028261052119174994
0.009323473822214061,0.0872797159368649,0.002825680803456002
0.009321025168916431,0.08725679339014894,0.002824938686006072
0.009324862068930592,0.08729271171305085,0.002826101541710022
0.009328466634275579,0.08732645508439349,0.0028271939833572402
0.009332777324040083,0.08736680868920993,0.002828500431313172
0.009335430802145989,0.08739164865977718,0.0028293046253602865
0.009340389659104274,0.08743806994383327,0.002830807514431603
0.009335219136756057,0.08738966719927657,0.002829240475576579
0.009330357322170456,0.0873441543567395,0.0028277669972994425
0.009325941305278512,0.08730281475443558,0.002826428627674853
0.009316658249368497,0.08721591340218189,0.0028236151963956396
0.009309588130650987,0.08714972799049192,0.002821472443692177
0.009301966515332525,0.08707837986074328,0.0028191625479915636
0.009301755670447848,0.08707640608122799,0.0028190986468797576
0.009290492501435915,0.08697096832158437,0.0028156850994112944
0.009286889788102612,0.08693724228745497,0.002814593219056355
0.009283003368608296,0.08690086039847843,0.0028134153554007398
0.009273591662633994,0.08681275471602762,0.002810562933931395
0.009268806442801652,0.08676795889897207,0.0028091126693542212
0.009263822527753368,0.08672130303893937,0.0028076021858856625
0.009260218195789397,0.08668756185234344,0.0028065098149696196
0.009246822517517897,0.0865621610611134,0.0028024499643535474
0.009239751236499373,0.08649596476878982,0.0028003068593895706
0.009237995649407617,0.08647953021385969,0.002799774790673708
0.009234100780378585,0.08644306922636216,0.0027985943662034757
0.009225895751602068,0.08636625959568973,0.0027961076544104563
0.009225397797799588,0.08636159810714387,0.0027959567387187832
0.009218354787969773,0.08629566646953661,0.0027938222019512483
0.009209994828637944,0.08621740648944343,0.002791288535095732
0.00920756947518096,0.0861947020592269,0.002790553479167471
0.009197787098163457,0.0861031264186925,0.0027875887178051705
0.009190699701900003,0.08603677926693322,0.0027854407287669636
0.009180884830531087,0.08594489943744361,0.0027824661192872376
0.009172889668632304,0.0858700544308826,0.0027800430121998248
0.00917014472265437,0.08584435820329786,0.0027792110968317685
0.009166922326230691,0.0858141924249777,0.0027782344797586535
0.009162281650304749,0.0857707497249396,0.0027768280223449205
0.00915551332303714,0.08570738946967969,0.0027747767340808803
0.00915707886785088,0.08572204498426955,0.0027752512063657277
0.009147760240776476,0.08563481064013083,0.0027724269944742357
0.009145918098035258,0.08561756581290929,0.0027718686931929386
0.00915383650158259,0.08569169226249912,0.00277426853699841
0.009143369394776274,0.08559370666977299,0.0027710962534339017
0.00913952693539271,0.08555773630401756,0.0027699317128425686
0.009134031338834878,0.08550629044643082,0.002768266153203199
0.009138330427680598,0.08554653545171499,0.0027695690852492733
0.009123732713217612,0.08540988205449933,0.0027651449315144166
0.009116378649680503,0.08534103855381064,0.00276291612317962
0.009104345131490332,0.08522838933428296,0.0027592691046974117
0.009097714193685357,0.08516631522123783,0.0027572594552875756
0.009091080871572099,0.08510421878799816,0.002755249083261441
0.009080992095578383,0.0850097748586567,0.0027521914610490117
0.009072971801824795,0.0849346945855856,0.002749760737208334
0.00906357593720416,0.08484673719859574,0.0027469131168045375
0.009054310649870204,0.08476000218308527,0.002744105070677386
0.009046102674516377,0.08468316496865647,0.0027416174658602536
0.009037203361067168,0.0845998559397804,0.0027389203360503912
0.009028654460493939,0.08451982722646688,0.002736329406456866
0.009022575041436142,0.08446291603879763,0.0027344869067560734
0.009017126094250968,0.08441190687938496,0.002732835485220089
0.009004627598512444,0.08429490487149628,0.002729047545214693
0.009001135883584368,0.0842622179253144,0.002727989305332054
0.008991615700677863,0.08417309675914916,0.0027251040075774546
0.00898471645864642,0.08410851097318929,0.002723013042757004
0.008981750045433633,0.08408074152721878,0.002722114006943709
0.008970336909857537,0.08397389988750106,0.0027186550088578476
0.008963967582307187,0.08391427478317792,0.0027167246461053864
0.008958499433894403,0.08386308587555949,0.0027150674052212388
