profile,method,solver,runs,successful_runs,success_rate_pct,median_wall_time_sec,median_allocated_mb,median_peak_rss_mb,median_total_cost,startup_shutdown_cost,fuel_cost,reserve_cost,load_shed_cost,wind_curtail_cost,physical_units,equivalent_units,state_reduction_pct,median_integer_variables,cluster_attempts,cluster_successes,cluster_fallbacks,mean_overlap_hours,max_overlap_hours,ramp_event_intervals,speedup_vs_standard,wall_time_delta_pct,cost_delta_pct,allocated_delta_pct,peak_rss_delta_pct,integer_reduction_pct
baseline,standard,gurobi,1,1,100.0,31.170865375,19117.556243896484,2192.84375,5.25377266728e6,29328.0,5.22444466728e6,0.0,0.0,0.0,108.0,108.0,0.0,7776.0,0.0,0.0,0.0,0.0,0.0,0.0,1.0,0.0,0.0,0.0,0.0,0.0
baseline,clustered_pcm,gurobi,1,1,100.0,33.544613083,16193.455993652344,2094.5,5.36600976162e6,28530.0,5.33736638147e6,113.38015,0.0,0.0,108.0,31.0,71.2962962962963,2232.0,3.0,1.0,2.0,0.0,0.0,0.0,0.9292360981440866,7.615276892196321,2.136314253545879,-15.295366274534672,-4.48475866098531,71.2962962962963
baseline,adaptive_overlap,gurobi,1,1,100.0,48.601376875,65854.17231750488,2279.296875,5.271709797588455e6,28806.0,5.242903797588455e6,0.0,0.0,0.0,108.0,108.0,0.0,7776.0,0.0,0.0,0.0,10.0,10.0,0.0,0.6413576606105154,55.91924154271253,0.3414142834950784,244.46961461682446,3.9425118638753975,0.0
smooth,standard,gurobi,1,1,100.0,28.134501459,19121.446166992188,2051.078125,5.02939890262e6,22440.0,5.00695890262e6,0.0,0.0,0.0,108.0,108.0,0.0,7776.0,0.0,0.0,0.0,0.0,0.0,0.0,1.0,0.0,0.0,0.0,0.0,0.0
smooth,clustered_pcm,gurobi,1,1,100.0,29.951233084,15956.781616210938,1946.546875,5.07077223375e6,22790.0,5.0478886207e6,93.61305,0.0,0.0,108.0,31.0,71.2962962962963,2232.0,3.0,1.0,2.0,0.0,0.0,0.0,0.9393436784420572,6.457308751845114,0.8226297402746718,-16.550341031444347,-5.096405091834322,71.2962962962963
smooth,adaptive_overlap,gurobi,1,1,100.0,46.872341709,67718.89498138428,2213.8125,4.971022324901784e6,21258.0,4.949764324901784e6,0.0,0.0,0.0,108.0,108.0,0.0,7776.0,0.0,0.0,0.0,11.0,12.0,0.0,0.6002367373422239,66.60093223015299,-1.1607068528170505,254.15153430330992,7.934089541323552,0.0
extreme_ramp,standard,gurobi,1,1,100.0,30.387894792,19128.526565551758,2044.890625,5.9562647961099995e6,45302.0,5.91094441742e6,0.0,0.0,18.37869,108.0,108.0,0.0,7776.0,0.0,0.0,0.0,0.0,0.0,0.0,1.0,0.0,0.0,0.0,0.0,0.0
extreme_ramp,clustered_pcm,gurobi,1,1,100.0,32.781969792,20737.375549316406,2101.046875,5.9562647961099995e6,45302.0,5.91094441742e6,0.0,0.0,18.37869,108.0,31.0,71.2962962962963,2232.0,3.0,0.0,3.0,0.0,0.0,0.0,0.9269697637088227,7.8783838643217585,0.0,8.410731366324885,2.746173771518956,71.2962962962963
extreme_ramp,adaptive_overlap,gurobi,1,1,100.0,67.615097583,69314.81338500977,2296.8125,6.260468971138497e6,48740.0,6.211728212826036e6,0.0,0.0,0.758312461042113,108.0,108.0,0.0,7776.0,0.0,0.0,0.0,12.0,12.0,3.0,0.4494246977118942,122.50668578989728,5.107297701525471,262.3635785405325,12.319576994490845,0.0
