0.0,0.0,0.0,0.0,0.0,0.0,0.05,0.3,0.05,0.0,0.0,0.0,0.0,0.0,0.05,0.3,0.05,0.0,0.0,0.05,0.3,0.3,0.05,0.0
0.0,0.0,0.0,0.0,0.0,0.0,0.05,0.3,0.05,0.0,0.0,0.0,0.0,0.0,0.05,0.3,0.05,0.0,0.0,0.05,0.3,0.3,0.05,0.0
0.0,0.0,0.0,0.0,0.0,0.0,0.05,0.3,0.05,0.0,0.0,0.0,0.0,0.0,0.05,0.3,0.05,0.0,0.0,0.05,0.3,0.3,0.05,0.0
0.0,0.0,0.0,0.0,0.0,1.5,2.1,2.7,2.1,1.54315,2.14315,2.4,3.0,2.4,2.1,1.5,0.0,0.0,0.0,0.0,0.0,0.0,0.0,0.0
1.4,1.0,0.0,0.0,0.0,0.0,0.0,0.0,0.0,0.0,0.0,0.0,0.0,0.0,0.0,0.0,0.0,0.0,0.0,0.0,1.0,1.6,1.0,1.6
0.0,0.0,0.0,0.0,0.0,0.0,0.0,0.1,0.0,0.0,0.0,0.0,0.0,0.0,0.0,0.1,0.0,0.0,0.0,0.0,0.1,0.3,0.1,0.0
0.0,0.0,0.0,0.0,0.0,0.25,0.45,0.65,0.45,0.25,0.0,0.0,0.0,0.0,0.0,0.0,0.0,0.0,0.0,0.0,0.25,0.45,0.55762,0.75762
0.0,0.0,0.0,0.0,0.0,0.0,0.05,0.3,0.05,0.0,0.0,0.0,0.0,0.0,0.05,0.3,0.05,0.0,0.0,0.05,0.3,0.3,0.05,0.0
0.0,0.0,0.0,0.0,0.0,0.0,0.05,0.3,0.05,0.0,0.0,0.0,0.0,0.0,0.05,0.3,0.05,0.0,0.0,0.05,0.3,0.3,0.05,0.0
1.4,1.0,0.0,0.0,0.0,0.0,0.0,0.0,0.0,0.0,0.0,0.0,0.0,0.0,0.0,0.0,0.0,0.0,0.0,0.0,1.0,1.6,2.2,2.8
1.3,1.0,0.0,0.0,0.0,0.0,0.0,0.0,0.0,0.0,1.0,1.7,2.4,1.88833,2.58833,2.4,1.7,1.0,1.2569,1.9569,2.6569,3.3569,2.6569,3.3569
0.0,0.0,0.0,0.0,0.0,0.0,0.0,0.0,0.0,0.0,0.0,0.0,0.0,0.0,0.08,0.3,0.08,0.0,0.0,0.08,0.3,0.08,0.0,0.0
0.0,0.0,0.0,0.0,0.0,0.0,0.0,0.0,0.0,0.0,0.0,0.0,0.0,0.0,0.0,0.08,0.0,0.0,0.0,0.08,0.3,0.08,0.0,0.0
0.0,0.0,0.0,0.0,0.0,0.0,0.0,0.0,0.0,0.0,0.0,0.0,0.0,0.0,0.0,0.0,0.0,0.0,0.0,0.0,0.25,0.45,0.34378,0.54378
0.0,0.0,0.0,0.0,0.0,0.0,0.0,0.0,0.0,0.0,0.0,0.0,0.0,0.0,0.08,0.3,0.08,0.0,0.0,0.0,0.08,0.0,0.0,0.0
0.0,0.0,0.0,0.0,0.0,0.25,0.45,0.65,0.45,0.25,0.45,0.65,0.85,0.65,0.45,0.25,0.0,0.0,0.0,0.0,0.0,0.0,0.0,0.0
0.0,0.0,0.0,0.0,0.0,0.0,0.0,0.0,0.0,0.0,0.0,0.0,0.0,0.0,0.08,0.3,0.08,0.0,0.0,0.0,0.08,0.0,0.0,0.0
0.0,0.0,0.0,0.0,0.0,0.0,0.0,0.0,0.0,0.0,0.0,0.0,0.0,0.0,0.08,0.3,0.08,0.0,0.0,0.0,0.08,0.0,0.0,0.0
0.0,0.0,0.0,0.0,0.0,0.0,0.0,0.0,0.0,0.0,0.0,0.0,0.0,0.0,0.0,0.0,0.0,0.0,0.0,0.0,0.25,0.45,0.34378,0.54378
1.0,0.5,0.0,0.0,0.0,0.0,0.0,0.0,0.0,0.0,0.5,1.0,1.5,1.67405,2.17405,1.67405,1.17405,0.67405,1.0,1.5,2.0,2.5,2.0,2.5
0.0,0.0,0.0,0.0,0.5,0.91873,0.81077,1.31077,0.81077,0.5,1.0,0.52954,1.02954,0.52954,0.6333,1.0,0.5,0.5,0.5,0.5,1.0,1.10462,0.60462,1.10462
0.0,0.0,0.0,0.0,0.0,0.0,0.0,0.0,0.0,0.0,0.0,0.0,0.0,0.0,0.0,0.0,0.0,0.0,0.0,0.0,0.25,0.45,0.34378,0.54378
0.0,0.0,0.0,0.0,0.0,0.25,0.45,0.65,0.45,0.25,0.0,0.0,0.0,0.0,0.0,0.0,0.0,0.0,0.0,0.0,0.25,0.45,0.55762,0.75762
0.0,0.0,0.0,0.0,0.0,0.5,0.84411,1.24411,0.84411,0.5,0.9,0.56287,0.96287,0.56287,0.6333,0.9,0.5,0.5,0.5,0.5,0.9,1.07129,0.67129,1.07129
0.0,0.0,0.0,0.0,0.5,0.9,1.3,1.7,1.3,0.9,1.3,1.6,2.0,1.6,2.0,1.6,1.2,0.8,0.8,1.2,1.6,2.0,1.6,2.0
0.0,0.0,0.0,0.0,0.0,0.25,0.45,0.65,0.45,0.25,0.45,0.65,0.85,0.65,0.45,0.25,0.0,0.0,0.0,0.0,0.0,0.0,0.0,0.0
1.16,1.0,0.0,0.0,0.0,0.0,0.0,0.0,0.0,0.0,0.0,0.0,1.0,1.84,2.68,3.52,2.68,1.84,1.68,2.52,3.36,4.2,3.36,4.2
1.16,1.0,0.0,0.0,0.0,0.0,0.0,0.0,0.0,0.0,0.0,0.0,1.0,1.81833,2.65833,2.50687,1.66687,1.0,1.00214,1.84214,2.68214,3.52214,2.68214,3.52214
1.4,0.8,0.8,0.0,0.0,0.0,0.0,0.0,0.0,0.0,0.0,0.8,1.4,2.0,2.6,3.0,2.4,1.8,1.29358,1.8,2.4,3.0,2.4,3.0
0.0,0.0,0.0,0.0,0.0,0.0,0.3,0.8,0.3,0.3,0.8,0.3,0.8,0.3,0.3,0.8,0.3,0.3,0.3,0.3,0.8,0.8,0.3,0.53627
0.0,0.0,0.0,0.0,0.0,0.0,0.0,0.1,0.0,0.0,0.0,0.0,0.0,0.0,0.0,0.1,0.0,0.0,0.0,0.0,0.1,0.3,0.1,0.0
0.0,0.0,0.0,0.0,0.0,0.0,0.05,0.3,0.05,0.0,0.0,0.0,0.0,0.0,0.05,0.3,0.05,0.0,0.0,0.05,0.3,0.3,0.05,0.0
0.0,0.0,0.0,0.0,0.0,0.0,0.0,0.0,0.0,0.0,0.0,0.0,0.0,0.0,0.0,0.0,0.0,0.0,0.0,0.0,0.0,0.0,0.0,0.0
0.0,0.0,0.0,0.0,0.0,0.25,0.25,0.45,0.25,0.25,0.0,0.0,0.0,0.0,0.0,0.0,0.0,0.0,0.0,0.0,0.25,0.45,0.25,0.45
0.0,0.0,0.0,0.0,0.0,0.0,0.0,0.0,0.0,0.0,0.0,0.0,0.0,0.0,0.0,0.0,0.0,0.0,0.0,0.0,0.25,0.28364,0.25,0.25
0.0,0.0,0.0,0.0,0.0,1.5,2.1,2.7,2.1,1.5,2.1,2.4,3.0,2.4,2.1,1.5,0.0,0.0,0.0,0.0,0.0,0.0,0.0,0.0
0.0,0.0,0.0,0.0,0.0,0.25,0.25,0.45,0.25,0.25,0.0,0.0,0.0,0.0,0.0,0.0,0.0,0.0,0.0,0.0,0.25,0.45,0.25,0.45
0.0,0.0,0.0,0.0,0.0,0.0,0.1,0.3,0.1,0.0,0.0,0.0,0.0,0.0,0.0,0.1,0.0,0.0,0.0,0.0,0.1,0.1,0.0,0.0
0.0,0.0,0.0,0.0,0.0,1.0,1.6,2.2,1.6,1.0,1.6,2.2,2.8,2.2,1.6,1.0,0.0,0.0,0.0,0.0,0.0,0.0,0.0,0.0
0.0,0.0,0.0,0.0,0.5,0.9,1.3,1.7,1.3,1.6,2.0,1.6,2.0,1.6,2.0,2.0,1.6,1.2,1.29358,1.2,1.6,2.0,1.6,2.0
0.0,0.0,0.0,0.0,0.0,0.0,0.0,0.0,0.0,0.0,0.0,0.0,0.0,0.0,0.0,0.08,0.0,0.0,0.0,0.0,0.08,0.0,0.0,0.0
0.0,0.0,0.0,0.0,0.0,0.0,0.0,0.2,0.0,0.0,0.0,0.0,0.0,0.0,0.0,0.2,0.0,0.0,0.0,0.0,0.2,0.0,0.0,0.0
1.4,1.0,0.0,0.0,0.0,0.0,0.0,0.0,0.0,0.0,1.0,1.6,2.2,2.4,3.0,3.0,2.4,1.8,1.29358,1.8,2.4,3.0,2.4,3.0
0.0,0.0,0.0,0.0,0.0,1.0,1.6,2.2,1.6,1.0,1.6,2.2,2.8,2.2,1.6,1.0,0.0,0.0,0.0,0.0,0.0,0.0,0.0,0.0
1.4,1.0,0.0,0.0,0.0,0.0,0.0,0.0,0.0,0.0,1.0,1.6,2.2,2.4,3.0,3.0,2.4,1.8,1.29358,1.8,2.4,3.0,2.4,3.0
0.0,0.0,0.0,0.0,0.0,0.0,0.0,0.0,0.0,0.0,0.0,0.0,0.0,0.0,0.0,0.08,0.0,0.0,0.0,0.0,0.08,0.0,0.0,0.0
0.0,0.0,0.0,0.0,0.0,0.25,0.25,0.45,0.25,0.25,0.0,0.0,0.0,0.0,0.0,0.0,0.0,0.0,0.0,0.0,0.25,0.45,0.25,0.45
0.0,0.0,0.0,0.0,0.0,0.0,0.0,0.0,0.0,0.0,0.0,0.0,0.0,0.0,0.0,0.0,0.0,0.0,0.0,0.0,0.25,0.28364,0.25,0.25
0.0,0.0,0.0,0.0,0.0,0.0,0.0,0.0,0.0,0.0,0.0,0.0,0.0,0.0,0.0,0.08,0.0,0.0,0.0,0.0,0.08,0.0,0.0,0.0
0.25,0.25,0.0,0.0,0.0,0.0,0.25,0.5,0.25,0.0,0.0,0.0,0.0,0.0,0.25,0.25,0.0,0.0,0.0,0.0,0.25,0.25,0.0,0.0
0.0,0.0,0.0,0.0,0.0,0.25,0.25,0.45,0.25,0.25,0.0,0.0,0.0,0.0,0.0,0.0,0.0,0.0,0.0,0.0,0.25,0.45,0.25,0.45
0.0,0.0,0.0,0.0,0.0,0.0,0.0,0.0,0.0,0.0,0.0,0.0,0.0,0.0,0.0,0.0,0.0,0.0,0.0,0.0,0.25,0.28364,0.25,0.25
0.0,0.0,0.0,0.0,0.0,0.25,0.25,0.45,0.25,0.25,0.0,0.0,0.0,0.0,0.0,0.0,0.0,0.0,0.0,0.0,0.25,0.45,0.25,0.45
0.25,0.25,0.0,0.0,0.0,0.0,0.25,0.5,0.25,0.0,0.0,0.0,0.0,0.0,0.25,0.25,0.0,0.0,0.0,0.0,0.25,0.25,0.0,0.0
0.0,0.0,0.0,0.0,0.0,0.0,0.05,0.3,0.05,0.0,0.0,0.0,0.0,0.0,0.05,0.3,0.05,0.0,0.0,0.05,0.3,0.3,0.05,0.0
0.0,0.0,0.0,0.0,0.0,0.0,0.05,0.3,0.05,0.0,0.0,0.0,0.0,0.0,0.05,0.3,0.05,0.0,0.0,0.05,0.3,0.05,0.0,0.0
0.0,0.0,0.0,0.0,0.0,0.0,0.05,0.3,0.05,0.0,0.0,0.0,0.0,0.0,0.05,0.3,0.05,0.0,0.0,0.05,0.3,0.05,0.0,0.0
0.0,0.0,0.0,0.0,0.0,1.5,2.1,2.7,2.1,1.54315,2.14315,2.4,3.0,2.4,2.1,1.5,0.0,0.0,0.0,0.0,0.0,0.0,0.0,0.0
1.4,1.0,0.0,0.0,0.0,0.0,0.0,0.0,0.0,0.0,0.0,0.0,0.0,0.0,0.0,0.0,0.0,0.0,0.0,0.0,1.0,1.6,1.0,1.6
0.0,0.0,0.0,0.0,0.0,0.0,0.0,0.1,0.0,0.0,0.0,0.0,0.0,0.0,0.0,0.1,0.0,0.0,0.0,0.0,0.1,0.0,0.0,0.0
0.0,0.0,0.0,0.0,0.0,0.25,0.45,0.65,0.45,0.25,0.45,0.65,0.85,0.65,0.45,0.25,0.0,0.0,0.0,0.0,0.0,0.0,0.0,0.0
0.0,0.0,0.0,0.0,0.0,0.0,0.05,0.3,0.05,0.0,0.0,0.0,0.0,0.0,0.05,0.3,0.05,0.0,0.0,0.05,0.3,0.05,0.0,0.0
0.0,0.0,0.0,0.0,0.0,0.0,0.05,0.3,0.05,0.0,0.0,0.0,0.0,0.0,0.05,0.3,0.05,0.0,0.0,0.05,0.3,0.05,0.0,0.0
1.4,1.0,0.0,0.0,0.0,0.0,0.0,0.0,0.0,0.0,0.0,0.0,0.0,0.0,0.0,0.0,0.0,0.0,0.0,0.0,1.0,1.6,2.2,2.8
1.3,1.0,0.0,0.0,0.0,0.0,0.0,0.0,0.0,0.0,1.0,1.7,2.4,1.88833,2.58833,2.4,1.7,1.0,1.2569,1.9569,2.6569,3.3569,2.6569,3.3569
0.0,0.0,0.0,0.0,0.0,0.0,0.0,0.0,0.0,0.0,0.0,0.0,0.0,0.0,0.0,0.08,0.0,0.0,0.0,0.08,0.3,0.08,0.0,0.0
0.0,0.0,0.0,0.0,0.0,0.0,0.0,0.0,0.0,0.0,0.0,0.0,0.0,0.0,0.0,0.08,0.0,0.0,0.0,0.08,0.3,0.08,0.0,0.0
0.0,0.0,0.0,0.0,0.0,0.0,0.0,0.0,0.0,0.0,0.0,0.0,0.0,0.0,0.0,0.0,0.0,0.0,0.0,0.0,0.25,0.45,0.34378,0.54378
0.0,0.0,0.0,0.0,0.0,0.0,0.0,0.0,0.0,0.0,0.0,0.0,0.0,0.0,0.0,0.08,0.0,0.0,0.0,0.08,0.3,0.08,0.0,0.0
0.0,0.0,0.0,0.0,0.0,0.25,0.45,0.65,0.45,0.25,0.45,0.65,0.85,0.65,0.45,0.25,0.0,0.0,0.0,0.0,0.0,0.0,0.0,0.0
0.0,0.0,0.0,0.0,0.0,0.0,0.0,0.0,0.0,0.0,0.0,0.0,0.0,0.0,0.0,0.08,0.0,0.0,0.0,0.0,0.08,0.0,0.0,0.0
0.0,0.0,0.0,0.0,0.0,0.0,0.0,0.0,0.0,0.0,0.0,0.0,0.0,0.0,0.0,0.08,0.0,0.0,0.0,0.08,0.3,0.08,0.0,0.0
0.0,0.0,0.0,0.0,0.0,0.0,0.0,0.0,0.0,0.0,0.0,0.0,0.0,0.0,0.0,0.0,0.0,0.0,0.0,0.0,0.25,0.45,0.34378,0.54378
1.0,0.5,0.0,0.0,0.0,0.0,0.0,0.0,0.0,0.0,0.5,1.0,1.5,1.67405,2.17405,1.67405,1.17405,0.67405,1.0,1.5,2.0,2.5,2.0,2.5
0.0,0.0,0.0,0.0,0.5,0.91873,0.81077,1.31077,0.81077,0.5,1.0,0.52954,1.02954,0.52954,0.6333,1.0,0.5,0.5,0.5,0.5,1.0,1.10462,0.60462,1.10462
0.0,0.0,0.0,0.0,0.0,0.0,0.0,0.0,0.0,0.0,0.0,0.0,0.0,0.0,0.0,0.0,0.0,0.0,0.0,0.0,0.25,0.45,0.34378,0.54378
0.0,0.0,0.0,0.0,0.0,0.25,0.45,0.65,0.45,0.25,0.45,0.65,0.85,0.65,0.45,0.25,0.0,0.0,0.0,0.0,0.0,0.0,0.0,0.0
0.0,0.0,0.0,0.0,0.0,0.5,0.84411,1.24411,0.84411,0.5,0.9,0.56287,0.96287,0.56287,0.6333,0.9,0.5,0.5,0.5,0.5,0.9,1.07129,0.67129,1.07129
0.0,0.0,0.0,0.0,0.5,0.9,1.3,1.7,1.3,0.9,1.3,1.6,2.0,1.6,2.0,1.6,1.2,0.8,0.8,1.2,1.6,2.0,1.6,2.0
0.0,0.0,0.0,0.0,0.0,0.25,0.45,0.65,0.45,0.25,0.45,0.65,0.85,0.65,0.45,0.25,0.0,0.0,0.0,0.0,0.0,0.0,0.0,0.0
1.16,1.0,0.0,0.0,0.0,0.0,0.0,0.0,0.0,0.0,0.0,0.0,1.0,1.84,2.68,3.52,2.68,1.84,1.68,2.52,3.36,4.2,3.36,4.2
1.16,1.0,0.0,0.0,0.0,0.0,0.0,0.0,0.0,0.0,0.0,0.0,1.0,1.81833,2.65833,2.50687,1.66687,1.0,1.00214,1.84214,2.68214,3.52214,2.68214,3.52214
1.4,0.8,0.8,0.0,0.0,0.0,0.0,0.0,0.0,0.0,0.0,0.8,1.4,2.0,2.6,3.0,2.4,1.8,1.29358,1.8,2.4,3.0,2.4,3.0
0.0,0.0,0.0,0.0,0.0,0.0,0.3,0.8,0.3,0.3,0.8,0.3,0.8,0.3,0.3,0.8,0.3,0.3,0.3,0.3,0.8,0.8,0.3,0.53627
0.0,0.0,0.0,0.0,0.0,0.0,0.0,0.1,0.0,0.0,0.0,0.0,0.0,0.0,0.0,0.1,0.0,0.0,0.0,0.0,0.1,0.0,0.0,0.0
0.0,0.0,0.0,0.0,0.0,0.0,0.05,0.3,0.05,0.0,0.0,0.0,0.0,0.0,0.05,0.3,0.05,0.0,0.0,0.05,0.3,0.05,0.0,0.0
0.0,0.0,0.0,0.0,0.0,0.0,0.0,0.0,0.0,0.0,0.0,0.0,0.0,0.0,0.0,0.0,0.0,0.0,0.0,0.05,0.2,0.2,0.05,0.0
0.0,0.0,0.0,0.0,0.0,0.25,0.25,0.45,0.25,0.25,0.0,0.0,0.0,0.0,0.0,0.0,0.0,0.0,0.0,0.0,0.25,0.45,0.25,0.45
0.0,0.0,0.0,0.0,0.0,0.0,0.0,0.0,0.0,0.0,0.0,0.0,0.0,0.0,0.0,0.0,0.0,0.0,0.0,0.0,0.25,0.28364,0.25,0.25
0.0,0.0,0.0,0.0,0.0,1.5,2.1,2.7,2.1,1.5,2.1,2.4,3.0,2.4,2.1,1.5,0.0,0.0,0.0,0.0,0.0,0.0,0.0,0.0
0.0,0.0,0.0,0.0,0.0,0.25,0.25,0.45,0.25,0.25,0.0,0.0,0.0,0.0,0.0,0.0,0.0,0.0,0.0,0.0,0.25,0.45,0.25,0.45
0.0,0.0,0.0,0.0,0.0,0.0,0.1,0.3,0.1,0.0,0.0,0.0,0.0,0.0,0.0,0.1,0.0,0.0,0.0,0.0,0.1,0.1,0.0,0.0
0.0,0.0,0.0,0.0,0.0,1.0,1.6,2.2,1.6,1.0,1.6,2.2,2.8,2.2,1.6,1.0,0.0,0.0,0.0,0.0,0.0,0.0,0.0,0.0
0.0,0.0,0.0,0.0,0.5,0.9,1.3,1.7,1.3,1.6,2.0,1.6,2.0,1.6,2.0,2.0,1.6,1.2,1.29358,1.2,1.6,2.0,1.6,2.0
0.0,0.0,0.0,0.0,0.0,0.0,0.0,0.0,0.0,0.0,0.0,0.0,0.0,0.0,0.0,0.08,0.0,0.0,0.0,0.0,0.08,0.0,0.0,0.0
0.0,0.0,0.0,0.0,0.0,0.0,0.0,0.2,0.0,0.0,0.0,0.0,0.0,0.0,0.0,0.2,0.0,0.0,0.0,0.0,0.2,0.0,0.0,0.0
1.4,1.0,0.0,0.0,0.0,0.0,0.0,0.0,0.0,0.0,0.0,0.0,0.0,0.0,0.0,0.0,0.0,0.0,0.0,0.0,1.0,1.6,2.2,2.8
0.0,0.0,0.0,0.0,0.0,1.0,1.6,2.2,1.6,1.0,1.6,2.2,2.8,2.2,1.6,1.0,0.0,0.0,0.0,0.0,0.0,0.0,0.0,0.0
1.4,1.0,0.0,0.0,0.0,0.0,0.0,0.0,0.0,0.0,0.0,0.0,0.0,0.0,0.0,0.0,0.0,0.0,0.0,0.0,1.0,1.6,2.2,2.8
0.0,0.0,0.0,0.0,0.0,0.0,0.0,0.0,0.0,0.0,0.0,0.0,0.0,0.0,0.0,0.08,0.0,0.0,0.0,0.0,0.08,0.0,0.0,0.0
0.0,0.0,0.0,0.0,0.0,0.25,0.25,0.45,0.25,0.25,0.0,0.0,0.0,0.0,0.0,0.0,0.0,0.0,0.0,0.0,0.25,0.45,0.25,0.45
0.0,0.0,0.0,0.0,0.0,0.0,0.0,0.0,0.0,0.0,0.0,0.0,0.0,0.0,0.0,0.0,0.0,0.0,0.0,0.0,0.25,0.28364,0.25,0.25
0.0,0.0,0.0,0.0,0.0,0.0,0.0,0.0,0.0,0.0,0.0,0.0,0.0,0.0,0.0,0.08,0.0,0.0,0.0,0.0,0.08,0.0,0.0,0.0
0.25,0.25,0.0,0.0,0.0,0.0,0.25,0.5,0.25,0.0,0.0,0.0,0.0,0.0,0.25,0.25,0.0,0.0,0.0,0.0,0.25,0.25,0.0,0.0
0.0,0.0,0.0,0.0,0.0,0.25,0.25,0.45,0.25,0.25,0.0,0.0,0.0,0.0,0.0,0.0,0.0,0.0,0.0,0.0,0.25,0.45,0.25,0.45
0.0,0.0,0.0,0.0,0.0,0.0,0.0,0.0,0.0,0.0,0.0,0.0,0.0,0.0,0.0,0.0,0.0,0.0,0.0,0.0,0.25,0.28364,0.25,0.25
0.0,0.0,0.0,0.0,0.0,0.25,0.25,0.45,0.25,0.25,0.0,0.0,0.0,0.0,0.0,0.0,0.0,0.0,0.0,0.0,0.25,0.45,0.25,0.45
0.25,0.25,0.0,0.0,0.0,0.0,0.25,0.5,0.25,0.0,0.0,0.0,0.0,0.0,0.25,0.25,0.0,0.0,0.0,0.0,0.25,0.25,0.0,0.0
