0.0,0.0,0.0,0.0,0.0,0.0,0.0,0.0,0.0,0.0,0.0,0.0,0.0,0.0,0.05,0.3,0.05,0.0,0.0,0.05,0.3,0.05,0.0,0.0
0.0,0.0,0.0,0.0,0.0,0.0,0.0,0.0,0.0,0.0,0.0,0.0,0.0,0.0,0.05,0.3,0.05,0.0,0.0,0.05,0.3,0.05,0.0,0.0
0.0,0.0,0.0,0.0,0.0,0.0,0.0,0.0,0.0,0.0,0.0,0.0,0.0,0.0,0.05,0.3,0.05,0.0,0.0,0.05,0.21964,0.05,0.0,0.0
0.0,0.0,0.0,0.0,0.0,1.5,2.1,2.7,2.1,2.0,2.6,2.4,3.0,2.4,2.1,1.5,0.0,0.0,0.0,0.0,0.0,0.0,0.0,0.0
1.4,1.0,0.0,0.0,0.0,0.0,0.0,0.0,0.0,0.0,0.0,0.0,0.0,0.0,0.0,0.0,0.0,0.0,0.0,0.0,1.0,1.6,1.0,1.6
0.0,0.0,0.0,0.0,0.0,0.0,0.0,0.1,0.0,0.0,0.0,0.0,0.0,0.0,0.0,0.1,0.0,0.0,0.0,0.0,0.1,0.0,0.0,0.0
0.0,0.0,0.0,0.0,0.0,0.25,0.45,0.65,0.45,0.25,0.0,0.0,0.0,0.0,0.0,0.0,0.0,0.0,0.0,0.0,0.25,0.45,0.5,0.7
0.0,0.0,0.0,0.0,0.0,0.0,0.0,0.0,0.0,0.0,0.0,0.0,0.0,0.0,0.05,0.3,0.05,0.0,0.0,0.05,0.3,0.05,0.0,0.0
0.0,0.0,0.0,0.0,0.0,0.0,0.0,0.0,0.0,0.0,0.0,0.0,0.0,0.0,0.05,0.3,0.05,0.0,0.0,0.05,0.21667,0.05,0.0,0.0
1.4,1.0,0.0,0.0,0.0,0.0,0.0,0.0,0.0,0.0,1.0,1.6,2.2,2.4,3.0,2.95477,2.35477,1.75477,1.2,1.8,2.4,3.0,2.4,3.0
1.3,1.0,0.0,0.0,0.0,0.0,0.0,0.0,0.0,0.0,1.0,1.7,2.4,1.83333,2.53333,2.4,1.7,1.0,1.13333,1.83333,2.53333,3.23333,2.53333,3.23333
0.0,0.0,0.0,0.0,0.0,0.0,0.0,0.0,0.0,0.0,0.0,0.0,0.0,0.0,0.0,0.08,0.0,0.0,0.0,0.0,0.08,0.0,0.0,0.0
0.0,0.0,0.0,0.0,0.0,0.0,0.0,0.0,0.0,0.0,0.0,0.0,0.0,0.0,0.0,0.08,0.0,0.0,0.0,0.0,0.08,0.0,0.0,0.0
0.0,0.0,0.0,0.0,0.0,0.25,0.45,0.65,0.45,0.25,0.0,0.0,0.0,0.0,0.0,0.0,0.0,0.0,0.0,0.0,0.25,0.45,0.25,0.45
0.0,0.0,0.0,0.0,0.0,0.0,0.0,0.0,0.0,0.0,0.0,0.0,0.0,0.0,0.0,0.08,0.0,0.0,0.0,0.0,0.08,0.0,0.0,0.0
0.0,0.0,0.0,0.0,0.0,0.25,0.45,0.65,0.45,0.25,0.0,0.0,0.0,0.0,0.0,0.0,0.0,0.0,0.0,0.0,0.25,0.45,0.5,0.7
0.0,0.0,0.0,0.0,0.0,0.0,0.0,0.0,0.0,0.0,0.0,0.0,0.0,0.0,0.0,0.08,0.0,0.0,0.0,0.0,0.08,0.0,0.0,0.0
0.0,0.0,0.0,0.0,0.0,0.0,0.0,0.0,0.0,0.0,0.0,0.0,0.0,0.0,0.0,0.08,0.0,0.0,0.0,0.0,0.08,0.0,0.0,0.0
0.0,0.0,0.0,0.0,0.0,0.25,0.45,0.65,0.45,0.25,0.0,0.0,0.0,0.0,0.0,0.0,0.0,0.0,0.0,0.0,0.25,0.45,0.25,0.45
1.0,0.5,0.0,0.0,0.0,0.0,0.0,0.0,0.0,0.0,0.5,1.0,1.5,1.5,2.0,1.5,1.0,0.5,1.0,1.5,2.0,2.5,2.0,2.5
0.0,0.0,0.0,0.0,0.0,0.5,1.0,1.5,1.0,0.5,1.0,1.16667,1.66667,1.16667,0.66667,1.16667,0.66667,0.5,0.5,0.5,1.0,1.16667,0.66667,1.16667
0.0,0.0,0.0,0.0,0.0,0.0,0.0,0.0,0.0,0.0,0.0,0.0,0.0,0.0,0.0,0.0,0.0,0.0,0.0,0.0,0.25,0.45,0.25,0.45
0.0,0.0,0.0,0.0,0.0,0.25,0.45,0.65,0.45,0.25,0.0,0.0,0.0,0.0,0.0,0.0,0.0,0.0,0.0,0.0,0.25,0.45,0.3,0.5
0.0,0.0,0.0,0.0,0.0,0.5,0.9,1.3,0.9,0.5,0.9,1.1,1.5,1.1,1.0,1.3,0.9,0.5,0.5,0.5,0.9,1.3,0.9,1.3
0.0,0.0,0.0,0.0,0.5,0.8,1.2,1.6,1.2,0.8,1.2,1.6,2.0,1.6,2.0,1.6,1.2,0.8,0.8,1.2,1.6,2.0,1.6,2.0
0.0,0.0,0.0,0.0,0.0,0.25,0.45,0.65,0.45,0.25,0.0,0.0,0.0,0.0,0.0,0.0,0.0,0.0,0.0,0.0,0.25,0.45,0.5,0.7
1.16,1.0,0.0,0.0,0.0,0.0,0.0,0.0,0.0,0.0,0.0,0.0,1.0,1.84,2.68,3.13333,2.29333,1.45333,1.68,2.52,3.36,4.2,3.36,4.2
1.16,1.0,0.0,0.0,0.0,0.0,0.0,0.0,0.0,0.0,0.0,0.0,1.0,1.22667,2.06667,2.68,1.84,1.0,1.0,1.84,2.68,3.52,2.68,3.52
1.4,0.8,0.0,0.0,0.0,0.0,0.0,0.0,0.0,0.0,0.8,1.4,2.0,2.4,3.0,3.0,2.4,1.8,1.53333,1.8,2.4,3.0,2.4,3.0
0.0,0.0,0.0,0.0,0.0,0.0,0.3,0.8,0.3,0.3,0.8,0.3,0.8,0.3,0.3,0.8,0.3,0.3,0.3,0.3,0.8,0.3,0.0,0.0
0.0,0.0,0.0,0.0,0.0,0.0,0.0,0.1,0.0,0.0,0.0,0.0,0.0,0.0,0.0,0.1,0.0,0.0,0.0,0.0,0.1,0.0,0.0,0.0
0.0,0.0,0.0,0.0,0.0,0.0,0.0,0.0,0.0,0.0,0.0,0.0,0.0,0.0,0.05,0.3,0.05,0.0,0.0,0.05,0.3,0.05,0.0,0.0
0.0,0.0,0.0,0.0,0.0,0.0,0.0,0.0,0.0,0.0,0.0,0.0,0.0,0.0,0.0,0.0,0.0,0.0,0.0,0.0,0.0,0.0,0.0,0.0
0.0,0.0,0.0,0.0,0.0,0.25,0.45,0.65,0.45,0.25,0.0,0.0,0.0,0.0,0.0,0.0,0.0,0.0,0.0,0.0,0.25,0.45,0.25,0.25
0.0,0.0,0.0,0.0,0.0,0.0,0.0,0.0,0.0,0.0,0.0,0.0,0.0,0.0,0.0,0.0,0.0,0.0,0.0,0.0,0.25,0.45,0.25,0.25
0.0,0.0,0.0,0.0,0.0,1.5,2.1,2.7,2.1,1.5,2.1,2.4,3.0,2.4,2.1,1.5,0.0,0.0,0.0,0.0,0.0,0.0,0.0,0.0
0.0,0.0,0.0,0.0,0.0,0.25,0.45,0.65,0.45,0.25,0.0,0.0,0.0,0.0,0.0,0.0,0.0,0.0,0.0,0.0,0.25,0.45,0.25,0.25
0.0,0.0,0.0,0.0,0.0,0.0,0.0,0.1,0.0,0.0,0.0,0.0,0.0,0.0,0.0,0.1,0.0,0.0,0.0,0.0,0.1,0.0,0.0,0.0
0.0,0.0,0.0,0.0,0.0,1.0,1.6,2.2,1.6,1.0,1.6,2.2,2.8,2.2,1.6,1.0,0.0,0.0,0.0,0.0,0.0,0.0,0.0,0.0
0.0,0.0,0.0,0.0,0.5,0.9,1.3,1.7,1.3,1.6,2.0,1.6,2.0,1.6,2.0,2.0,1.6,1.2,1.0,1.2,1.6,2.0,1.6,2.0
0.0,0.0,0.0,0.0,0.0,0.0,0.0,0.0,0.0,0.0,0.0,0.0,0.0,0.0,0.0,0.08,0.0,0.0,0.0,0.0,0.08,0.0,0.0,0.0
0.0,0.0,0.0,0.0,0.0,0.0,0.0,0.2,0.0,0.0,0.0,0.0,0.0,0.0,0.0,0.2,0.0,0.0,0.0,0.0,0.2,0.0,0.0,0.0
1.4,1.0,0.0,0.0,0.0,0.0,0.0,0.0,0.0,0.0,0.0,0.0,0.0,0.0,0.0,0.0,0.0,0.0,0.0,0.0,1.0,1.6,2.2,2.8
0.0,0.0,0.0,0.0,0.0,1.0,1.6,2.2,1.6,1.0,1.6,2.2,2.8,2.2,1.6,1.0,0.0,0.0,0.0,0.0,0.0,0.0,0.0,0.0
1.4,1.0,0.0,0.0,0.0,0.0,0.0,0.0,0.0,0.0,0.0,0.0,0.0,0.0,0.0,0.0,0.0,0.0,0.0,0.0,1.0,1.6,2.2,2.8
0.0,0.0,0.0,0.0,0.0,0.0,0.0,0.0,0.0,0.0,0.0,0.0,0.0,0.0,0.0,0.08,0.0,0.0,0.0,0.0,0.08,0.0,0.0,0.0
0.0,0.0,0.0,0.0,0.0,0.25,0.45,0.65,0.45,0.25,0.0,0.0,0.0,0.0,0.0,0.0,0.0,0.0,0.0,0.0,0.25,0.45,0.25,0.45
0.0,0.0,0.0,0.0,0.0,0.0,0.0,0.0,0.0,0.0,0.0,0.0,0.0,0.0,0.0,0.0,0.0,0.0,0.0,0.0,0.25,0.45,0.25,0.25
0.0,0.0,0.0,0.0,0.0,0.0,0.0,0.0,0.0,0.0,0.0,0.0,0.0,0.0,0.0,0.08,0.0,0.0,0.0,0.0,0.08,0.0,0.0,0.0
0.25,0.25,0.0,0.0,0.0,0.0,0.25,0.5,0.25,0.0,0.0,0.0,0.0,0.0,0.25,0.25,0.0,0.0,0.0,0.0,0.25,0.25,0.0,0.0
0.0,0.0,0.0,0.0,0.0,0.25,0.45,0.65,0.45,0.25,0.0,0.0,0.0,0.0,0.0,0.0,0.0,0.0,0.0,0.0,0.25,0.45,0.25,0.45
0.0,0.0,0.0,0.0,0.0,0.0,0.0,0.0,0.0,0.0,0.0,0.0,0.0,0.0,0.0,0.0,0.0,0.0,0.0,0.0,0.25,0.45,0.25,0.25
0.0,0.0,0.0,0.0,0.0,0.25,0.45,0.65,0.45,0.25,0.0,0.0,0.0,0.0,0.0,0.0,0.0,0.0,0.0,0.0,0.25,0.45,0.25,0.45
0.25,0.25,0.0,0.0,0.0,0.0,0.25,0.5,0.25,0.0,0.0,0.0,0.0,0.0,0.25,0.25,0.0,0.0,0.0,0.0,0.25,0.25,0.0,0.0
0.0,0.0,0.0,0.0,0.0,0.0,0.0,0.0,0.0,0.0,0.0,0.0,0.0,0.0,0.05,0.3,0.05,0.0,0.0,0.05,0.21667,0.05,0.0,0.0
0.0,0.0,0.0,0.0,0.0,0.0,0.0,0.0,0.0,0.0,0.0,0.0,0.0,0.0,0.05,0.3,0.05,0.0,0.0,0.05,0.3,0.05,0.0,0.0
0.0,0.0,0.0,0.0,0.0,0.0,0.0,0.0,0.0,0.0,0.0,0.0,0.0,0.0,0.05,0.3,0.05,0.0,0.0,0.05,0.3,0.05,0.0,0.0
0.0,0.0,0.0,0.0,0.0,1.5,2.1,2.7,2.1,2.1863,2.7863,2.4,3.0,2.4,2.1,1.5,0.0,0.0,0.0,0.0,0.0,0.0,0.0,0.0
1.4,1.0,0.0,0.0,0.0,0.0,0.0,0.0,0.0,0.0,0.0,0.0,0.0,0.0,0.0,0.0,0.0,0.0,0.0,0.0,1.0,1.6,1.0,1.6
0.0,0.0,0.0,0.0,0.0,0.0,0.0,0.1,0.0,0.0,0.0,0.0,0.0,0.0,0.0,0.1,0.0,0.0,0.0,0.0,0.1,0.0,0.0,0.0
0.0,0.0,0.0,0.0,0.0,0.25,0.45,0.65,0.45,0.25,0.0,0.0,0.0,0.0,0.0,0.0,0.0,0.0,0.0,0.0,0.25,0.45,0.44607,0.64607
0.0,0.0,0.0,0.0,0.0,0.0,0.0,0.0,0.0,0.0,0.0,0.0,0.0,0.0,0.05,0.3,0.05,0.0,0.0,0.05,0.21667,0.05,0.0,0.0
0.0,0.0,0.0,0.0,0.0,0.0,0.0,0.0,0.0,0.0,0.0,0.0,0.0,0.0,0.05,0.3,0.05,0.0,0.0,0.05,0.3,0.05,0.0,0.0
1.4,1.0,0.0,0.0,0.0,0.0,0.0,0.0,0.0,0.0,0.0,0.0,0.0,0.0,0.0,0.0,0.0,0.0,0.0,0.0,1.0,1.6,2.2,2.8
1.3,1.0,0.0,0.0,0.0,0.0,0.0,0.0,0.0,0.0,1.0,1.7,2.4,1.83333,2.53333,2.4,1.7,1.0,1.23511,1.93511,2.63511,3.33511,2.63511,3.33511
0.0,0.0,0.0,0.0,0.0,0.0,0.0,0.0,0.0,0.0,0.0,0.0,0.0,0.0,0.0,0.08,0.0,0.0,0.0,0.0,0.08,0.0,0.0,0.0
0.0,0.0,0.0,0.0,0.0,0.0,0.0,0.0,0.0,0.0,0.0,0.0,0.0,0.0,0.0,0.08,0.0,0.0,0.0,0.0,0.08,0.0,0.0,0.0
0.0,0.0,0.0,0.0,0.0,0.0,0.0,0.0,0.0,0.0,0.0,0.0,0.0,0.0,0.0,0.0,0.0,0.0,0.0,0.0,0.25,0.45,0.25,0.45
0.0,0.0,0.0,0.0,0.0,0.0,0.0,0.0,0.0,0.0,0.0,0.0,0.0,0.0,0.0,0.08,0.0,0.0,0.0,0.0,0.08,0.0,0.0,0.0
0.0,0.0,0.0,0.0,0.0,0.25,0.45,0.65,0.45,0.25,0.0,0.0,0.0,0.0,0.0,0.0,0.0,0.0,0.0,0.0,0.25,0.45,0.3,0.5
0.0,0.0,0.0,0.0,0.0,0.0,0.0,0.0,0.0,0.0,0.0,0.0,0.0,0.0,0.0,0.08,0.0,0.0,0.0,0.0,0.08,0.0,0.0,0.0
0.0,0.0,0.0,0.0,0.0,0.0,0.0,0.0,0.0,0.0,0.0,0.0,0.0,0.0,0.0,0.08,0.0,0.0,0.0,0.0,0.08,0.0,0.0,0.0
0.0,0.0,0.0,0.0,0.0,0.25,0.45,0.65,0.45,0.25,0.0,0.0,0.0,0.0,0.0,0.0,0.0,0.0,0.0,0.0,0.25,0.45,0.25,0.45
1.0,0.5,0.0,0.0,0.0,0.0,0.0,0.0,0.0,0.0,0.5,1.0,1.5,1.5,2.0,1.5,1.0,0.5,1.0,1.5,2.0,2.5,2.0,2.5
0.0,0.0,0.0,0.0,0.0,0.5,1.0,1.5,1.0,0.5,1.0,1.16667,1.66667,1.16667,0.68655,1.16707,0.66707,0.5,0.5,0.5,1.0,1.16667,0.66667,1.16667
0.0,0.0,0.0,0.0,0.0,0.0,0.0,0.0,0.0,0.0,0.0,0.0,0.0,0.0,0.0,0.0,0.0,0.0,0.0,0.0,0.25,0.45,0.25,0.45
0.0,0.0,0.0,0.0,0.0,0.25,0.45,0.65,0.45,0.25,0.0,0.0,0.0,0.0,0.0,0.0,0.0,0.0,0.0,0.0,0.25,0.45,0.3,0.5
0.0,0.0,0.0,0.0,0.0,0.5,0.9,1.3,0.9,0.5,0.9,1.25148,1.65148,1.25148,0.9,0.5,0.0,0.0,0.0,0.0,0.0,0.0,0.0,0.0
0.0,0.0,0.0,0.0,0.5,0.8,1.2,1.6,1.2,0.8,1.2,1.6,2.0,1.6,2.0,1.6,1.2,0.8,0.8,1.2,1.6,2.0,1.6,2.0
0.0,0.0,0.0,0.0,0.0,0.25,0.45,0.65,0.45,0.25,0.0,0.0,0.0,0.0,0.0,0.0,0.0,0.0,0.0,0.0,0.25,0.45,0.3,0.5
1.16,1.0,0.0,0.0,0.0,0.0,0.0,0.0,0.0,0.0,0.0,0.0,1.0,1.84,2.68,3.13333,2.29333,1.45333,1.68,2.52,3.36,4.2,3.36,4.2
1.16,1.0,0.0,0.0,0.0,0.0,0.0,0.0,0.0,0.0,0.0,0.0,1.0,1.36811,2.20811,2.68,1.84,1.0,1.0,1.84,2.68,3.52,2.68,3.52
1.4,0.8,0.0,0.0,0.0,0.0,0.0,0.0,0.0,0.0,0.8,1.4,2.0,2.4,3.0,3.0,2.4,1.8,1.27778,1.8,2.4,3.0,2.4,3.0
0.0,0.0,0.0,0.0,0.0,0.3,0.3,0.8,0.3,0.0,0.0,0.0,0.0,0.0,0.3,0.8,0.3,0.3,0.3,0.3,0.8,0.3,0.0,0.0
0.0,0.0,0.0,0.0,0.0,0.0,0.0,0.1,0.0,0.0,0.0,0.0,0.0,0.0,0.0,0.1,0.0,0.0,0.0,0.0,0.1,0.0,0.0,0.0
0.0,0.0,0.0,0.0,0.0,0.0,0.0,0.0,0.0,0.0,0.0,0.0,0.0,0.0,0.05,0.3,0.05,0.0,0.0,0.05,0.3,0.05,0.0,0.0
0.0,0.0,0.0,0.0,0.0,0.0,0.0,0.0,0.0,0.0,0.0,0.0,0.0,0.0,0.0,0.0,0.0,0.0,0.0,0.0,0.0,0.0,0.0,0.0
0.0,0.0,0.0,0.0,0.0,0.25,0.45,0.65,0.45,0.25,0.0,0.0,0.0,0.0,0.0,0.0,0.0,0.0,0.0,0.0,0.25,0.45,0.25,0.45
0.0,0.0,0.0,0.0,0.0,0.0,0.0,0.0,0.0,0.0,0.0,0.0,0.0,0.0,0.0,0.0,0.0,0.0,0.0,0.0,0.25,0.45,0.25,0.25
0.0,0.0,0.0,0.0,0.0,1.5,2.1,2.7,2.1,1.5,2.1,2.4,3.0,2.4,2.1,1.5,0.0,0.0,0.0,0.0,0.0,0.0,0.0,0.0
0.0,0.0,0.0,0.0,0.0,0.25,0.45,0.65,0.45,0.25,0.0,0.0,0.0,0.0,0.0,0.0,0.0,0.0,0.0,0.0,0.25,0.45,0.25,0.25
0.0,0.0,0.0,0.0,0.0,0.0,0.0,0.1,0.0,0.0,0.0,0.0,0.0,0.0,0.0,0.1,0.0,0.0,0.0,0.0,0.1,0.0,0.0,0.0
0.0,0.0,0.0,0.0,0.0,1.0,1.6,2.2,1.6,1.0,1.6,2.2,2.8,2.2,1.6,1.0,0.0,0.0,0.0,0.0,0.0,0.0,0.0,0.0
0.0,0.0,0.0,0.0,0.5,0.9,1.3,1.7,1.3,1.6,2.0,1.6,2.0,1.6,2.0,2.0,1.6,1.2,1.0,1.2,1.6,2.0,1.6,2.0
0.0,0.0,0.0,0.0,0.0,0.0,0.0,0.0,0.0,0.0,0.0,0.0,0.0,0.0,0.0,0.08,0.0,0.0,0.0,0.0,0.08,0.0,0.0,0.0
0.0,0.0,0.0,0.0,0.0,0.0,0.0,0.2,0.0,0.0,0.0,0.0,0.0,0.0,0.0,0.2,0.0,0.0,0.0,0.0,0.2,0.0,0.0,0.0
1.4,1.0,0.0,0.0,0.0,0.0,0.0,0.0,0.0,0.0,1.0,1.6,2.2,2.4,3.0,2.93333,2.33333,1.73333,1.2,1.8,2.4,3.0,2.4,3.0
0.0,0.0,0.0,0.0,0.0,1.0,1.6,2.2,1.6,1.0,1.6,2.2,2.8,2.2,1.6,1.0,0.0,0.0,0.0,0.0,0.0,0.0,0.0,0.0
1.4,1.0,0.0,0.0,0.0,0.0,0.0,0.0,0.0,0.0,1.0,1.6,2.2,2.4,3.0,2.93333,2.33333,1.73333,1.2,1.8,2.4,3.0,2.4,3.0
0.0,0.0,0.0,0.0,0.0,0.0,0.0,0.0,0.0,0.0,0.0,0.0,0.0,0.0,0.0,0.08,0.0,0.0,0.0,0.0,0.08,0.0,0.0,0.0
0.0,0.0,0.0,0.0,0.0,0.25,0.35976,0.55976,0.35976,0.25,0.0,0.0,0.0,0.0,0.0,0.0,0.0,0.0,0.0,0.0,0.25,0.45,0.25,0.25
0.0,0.0,0.0,0.0,0.0,0.0,0.0,0.0,0.0,0.0,0.0,0.0,0.0,0.0,0.0,0.0,0.0,0.0,0.0,0.0,0.25,0.45,0.25,0.25
0.0,0.0,0.0,0.0,0.0,0.0,0.0,0.0,0.0,0.0,0.0,0.0,0.0,0.0,0.0,0.08,0.0,0.0,0.0,0.0,0.08,0.0,0.0,0.0
0.25,0.25,0.0,0.0,0.0,0.0,0.25,0.5,0.25,0.0,0.0,0.0,0.0,0.0,0.25,0.25,0.0,0.0,0.0,0.0,0.25,0.25,0.0,0.0
0.0,0.0,0.0,0.0,0.0,0.25,0.3,0.5,0.3,0.25,0.0,0.0,0.0,0.0,0.0,0.0,0.0,0.0,0.0,0.0,0.25,0.45,0.25,0.45
0.0,0.0,0.0,0.0,0.0,0.0,0.0,0.0,0.0,0.0,0.0,0.0,0.0,0.0,0.0,0.0,0.0,0.0,0.0,0.0,0.25,0.45,0.25,0.25
0.0,0.0,0.0,0.0,0.0,0.25,0.45,0.65,0.45,0.25,0.0,0.0,0.0,0.0,0.0,0.0,0.0,0.0,0.0,0.0,0.25,0.45,0.25,0.32254
0.25,0.25,0.0,0.0,0.0,0.0,0.25,0.5,0.25,0.0,0.0,0.0,0.0,0.0,0.25,0.25,0.0,0.0,0.0,0.0,0.25,0.25,0.0,0.0
