xdata,sfr_data,bfsfr_data,real_data
0.0,-0.0,-0.0,-0.003078656150394055
0.05,-0.011877399854860825,-0.027042079409117764,-0.0032802460450229915
0.1,-0.02321604348792352,-0.042466298989177816,-0.015180487105056628
0.15,-0.03403683022847357,-0.061469098434112926,-0.026520925641443364
0.2,-0.04435988826859383,-0.08446023478613056,-0.03757819700865449
0.25,-0.054204602598536586,-0.10159788679279641,-0.0481112510886942
0.3,-0.06358964193722354,-0.12945354650972363,-0.05880580805388976
0.35,-0.07253298469390597,-0.15003306802363753,-0.06899597213207127
0.4,-0.08105194399576536,-0.1614933144311243,-0.07805822434298827
0.45,-0.08916319181497236,-0.17630610903779848,-0.08667597237916551
0.5,-0.09688278222746635,-0.1877551031036304,-0.09528239584093094
0.55,-0.10422617383464487,-0.19517740661817215,-0.10346617406350127
0.6,-0.11120825137800772,-0.21003390660487858,-0.11092425914488444
0.65,-0.11784334657567008,-0.22245948646404018,-0.11800326311802561
0.7,-0.1241452582087005,-0.23635744341237558,-0.12479521435800409
0.75,-0.13012727148420317,-0.24390695219785005,-0.13123584264363916
0.8,-0.1358021767010653,-0.2510406442700811,-0.13692505360511117
0.85,-0.14118228724345644,-0.25776409296284475,-0.14230425115462672
0.9,-0.14627945692613054,-0.26685960583287244,-0.14741317395014905
0.95,-0.15110509671486944,-0.3058205604577609,-0.15223634268088312
1.0,-0.15567019084443795,-0.30864673143511134,-0.157555575257482
1.05,-0.15998531235572155,-0.3107858359250111,-0.16258782217827372
1.1,-0.16406063807286111,-0.320433508419222,-0.166993416196496
1.15,-0.1679059630405204,-0.3381578726282956,-0.17114641670225658
1.2,-0.17153071444062853,-0.34272867994456513,-0.1747999117908692
1.25,-0.17494396500733628,-0.341726308552795,-0.17822971408880822
1.3,-0.1781544459581651,-0.34134441673689736,-0.1814568304887318
1.35,-0.18117055945873037,-0.34723940168743034,-0.1844784734628034
1.4,-0.18400039063778947,-0.34417438189227356,-0.18785889989538312
1.45,-0.1866517191687883,-0.3428927217148177,-0.19103336622135447
1.5,-0.18913203043343127,-0.34090123158624475,-0.19369716366793538
1.55,-0.1914485262823005,-0.35030210977762705,-0.19618207944325813
1.6,-0.19360813540704455,-0.3490052509275201,-0.19869034413640396
1.65,-0.19561752333801738,-0.35844095855910524,-0.20102865964304542
1.7,-0.197483102080872,-0.3684000614526201,-0.2031644870871876
1.75,-0.19921103940507212,-0.367509144758038,-0.20514603075271196
1.8,-0.20080726779681973,-0.3686512028989138,-0.20710278763876014
1.85,-0.20227749308845125,-0.37226307164728967,-0.20891456422974394
1.9,-0.20362720277595603,-0.36996780060069484,-0.21046625826819496
1.95,-0.2048616740357957,-0.36768986603223025,-0.21188930837403336
2.0,-0.20598598145185176,-0.367985966637262,-0.21259471676086072
2.05,-0.2070050044629097,-0.3643573017739516,-0.21320167523076575
2.1,-0.20792343454073092,-0.3652009263223917,-0.21430087756179803
2.15,-0.20874578210840936,-0.36079492297219645,-0.21529207070750983
2.2,-0.2094763832083137,-0.3577606737201054,-0.2164362982386069
2.25,-0.21011940592866124,-0.3537795274487043,-0.21747401576634337
2.3,-0.2106788565974037,-0.3513912286940664,-0.21827466204900053
2.35,-0.2111585857517344,-0.34511180142763537,-0.21898257062153412
2.4,-0.21156229389137093,-0.3556289524253322,-0.21854151207709988
2.45,-0.2118935370233226,-0.35531761784449317,-0.21804993026223163
2.5,-0.2121557320056949,-0.3510762246667186,-0.21822890128113515
2.55,-0.21235216169771132,-0.35273328431004003,-0.21833996939532302
2.6,-0.21248597992298457,-0.35929381365403124,-0.21836971621436377
2.65,-0.21256021625269417,-0.3675370410100351,-0.21833869043087054
2.7,-0.21257778061520385,-0.3600348792489994,-0.21846880895235296
2.75,-0.21254146773834925,-0.3588932353414344,-0.21853722210020882
2.8,-0.21245396143039696,-0.3550502512262033,-0.21826390027956338
2.85,-0.21231783870553078,-0.3480966709871361,-0.21794391674235825
2.9,-0.2121355737594065,-0.3507482040651854,-0.21775362858289435
2.95,-0.2119095418002267,-0.34718455031796075,-0.21751608111335655
3.0,-0.21164202274051575,-0.343621398555173,-0.2177830004558318
3.05,-0.21133520475460052,-0.3444212154870986,-0.21799008193881578
3.1,-0.21099118770666025,-0.34023257535129503,-0.21788113104931608
3.15,-0.21061198645399307,-0.34190208062412053,-0.2177262947898915
3.2,-0.21019953403001812,-0.3515212154745406,-0.21733008992315836
3.25,-0.20975568471129014,-0.34293957827866367,-0.2168989946898039
3.3,-0.20928221697280536,-0.34070927090097913,-0.21602814343061305
3.35,-0.2087808363355144,-0.3443231211260472,-0.21513924919637015
3.4,-0.20825317811002433,-0.3423260568931651,-0.21452493106009438
3.45,-0.20770081004017926,-0.34358011054724863,-0.21388598860778163
3.5,-0.20712523485013373,-0.33447257533167823,-0.21329856624527635
3.55,-0.2065278926984293,-0.3304479830510212,-0.2126872330784362
3.6,-0.2059101635424156,-0.32480973055688317,-0.2118128091199045
3.65,-0.20527336941622545,-0.3171336216248065,-0.21092513014872308
3.7,-0.2046187766254734,-0.3142365106051299,-0.2101005800226287
3.75,-0.20394759786164743,-0.30963145391691926,-0.20926259830923277
3.8,-0.20326099423910032,-0.3055931653367248,-0.20866904039554038
3.85,-0.20256007725744815,-0.3054130589456495,-0.20805606060790072
3.9,-0.20184591069205612,-0.2989728569656117,-0.207815081074256
3.95,-0.20111951241523068,-0.3025530734683535,-0.20754480248360088
4.0,-0.2003818561505918,-0.2951773028708937,-0.2058803785201675
4.05,-0.19963387316305886,-0.28971919294559645,-0.20423334805395693
4.1,-0.19887645388678246,-0.28141236059987473,-0.20306330893686217
4.15,-0.198110449493263,-0.27441452934015326,-0.20189599553982449
4.2,-0.19733667340179933,-0.27214264006932454,-0.20149016079180493
4.25,-0.196555902734387,-0.26616900409173344,-0.2010638292226854
4.3,-0.19576887971705403,-0.263526588911859,-0.20043354838826866
4.35,-0.19497631302957144,-0.2557080242383423,-0.1997911160393438
4.4,-0.1941788791054254,-0.2596082330349008,-0.19884623051661862
4.45,-0.1933772233838292,-0.25794051827335357,-0.19790032899765428
4.5,-0.192571961515541,-0.2592582680421361,-0.1971880304413763
4.55,-0.19176368052412673,-0.25879793755425007,-0.19646833137286504
4.6,-0.1909529399243091,-0.2563036271297041,-0.19526670256706335
4.65,-0.1901402727989449,-0.24965954419221467,-0.19407427963158033
4.7,-0.1893261868361426,-0.2550726355344379,-0.19287632132777627
4.75,-0.18851116532795462,-0.2533800299039163,-0.19168835665615805
4.8,-0.1876956681320383,-0.25064990661364356,-0.19096774234616118
4.85,-0.18688013259763564,-0.25608440753116285,-0.19024278992492932
4.9,-0.1860649744571777,-0.25333186952662445,-0.18992328344982348
4.95,-0.18525058868472558,-0.2516116357776048,-0.18958757888381145
5.0,-0.18443735032249664,-0.248104045108275,-0.1889748989744228
5.05,-0.1836256152766067,-0.244076610400455,-0.18835630286293428
5.1,-0.18281572108316535,-0.24328216052761983,-0.18730318370088236
5.15,-0.18200798764577453,-0.23967549469441912,-0.18625903772822863
5.2,-0.1812027179455132,-0.23697093854590723,-0.1856995823323716
5.25,-0.18040019872435362,-0.23100371580998666,-0.18513413620499494
5.3,-0.179600701143055,-0.22823628357520456,-0.18417631755127767
5.35,-0.17880448141437222,-0.22769631200892218,-0.18322600483301946
5.4,-0.17801178141254076,-0.22950804808289607,-0.1821200599414093
5.45,-0.17722282925989566,-0.2212164948316845,-0.18102705339346506
5.5,-0.17643783989142764,-0.23185429746398498,-0.1800429226051656
5.55,-0.17565701559812333,-0.22691593035933758,-0.17906851452261735
5.6,-0.17488054654982557,-0.2264771927311196,-0.17804653432618697
5.65,-0.17410861129838687,-0.21838747290400207,-0.177036140769254
5.7,-0.1733413772618139,-0.21334346602793908,-0.17617514181860847
5.75,-0.1725790011901264,-0.20895228876402278,-0.1753212299817373
5.8,-0.1718216296135809,-0.2105803288419391,-0.17473784409371243
5.85,-0.17106939927389106,-0.2099039835396336,-0.17415333335544497
5.9,-0.17032243753909881,-0.20464099665479563,-0.17301286262526777
5.95,-0.16958086280266738,-0.20281435132524345,-0.17188965999365735
6.0,-0.16884478486739293,-0.20960378577575525,-0.17126675255836873
6.05,-0.16811430531467195,-0.21850188159932454,-0.17064516592510204
6.1,-0.1673895178596876,-0.21360501697323794,-0.1702919624952306
6.15,-0.16667050869299463,-0.2139205597584889,-0.16993208941771004
6.2,-0.16595735680904955,-0.21348429433929905,-0.16923043865356055
6.25,-0.16525013432212124,-0.2096753633415699,-0.16853383583446163
6.3,-0.1645489067700682,-0.21211243154082027,-0.16803125825322074
6.35,-0.16385373340642798,-0.2066822223286534,-0.16752792899062358
6.4,-0.1631646674812405,-0.20148643350928475,-0.16676617672527172
6.45,-0.16248175651103747,-0.20282041244401516,-0.1660124793385915
6.5,-0.1618050425383588,-0.1964678421037718,-0.1659739099960634
6.55,-0.16113456238124185,-0.19613654970586045,-0.16592085272562523
6.6,-0.16047034787299364,-0.19791554239836517,-0.16548041988187714
6.65,-0.15981242609263438,-0.20550027031190207,-0.16503888528181784
6.7,-0.1591608195863669,-0.19924430376950955,-0.1636615909175297
6.75,-0.15851554658037176,-0.19506071429798014,-0.1623135333231821
6.8,-0.15787662118528978,-0.18845584428506024,-0.1616252929403184
6.85,-0.15724405359264484,-0.1811419773181697,-0.1609446750977704
6.9,-0.15661785026356476,-0.1774095675579328,-0.159642442807296
6.95,-0.1559980141100601,-0.17247751450841423,-0.1583678173773453
7.0,-0.1553845446691106,-0.17329055261474174,-0.15808840891313317
7.05,-0.15477743826987353,-0.16910244509308245,-0.1578043462336415
7.1,-0.15417668819424932,-0.17871183312016325,-0.15729968217336132
7.15,-0.15358228483102837,-0.18827556624621203,-0.15679800496606558
7.2,-0.1529942158239084,-0.18920486174760806,-0.15638301332832275
7.25,-0.15241246621355486,-0.1841484272251848,-0.15596856573885756
7.3,-0.15183701857398102,-0.1792323441242515,-0.15563502450058003
7.35,-0.15126785314340996,-0.18385661343050402,-0.1552998451607407
7.4,-0.1507049479498578,-0.19275150453447354,-0.1552631321121314
7.45,-0.15014827893162738,-0.189836606220936,-0.1552157368071536
7.5,-0.14959782005290467,-0.18596260875274587,-0.15445061257029377
7.55,-0.14905354341461993,-0.18663928951570377,-0.15369844675263228
7.6,-0.1485154193607931,-0.18478063655452354,-0.15302134049911978
7.65,-0.14798341658049488,-0.17719420623204232,-0.15235469744109448
7.7,-0.14745750220561255,-0.17473806782516704,-0.15195550474970185
7.75,-0.14693764190455577,-0.17209951247732072,-0.15155823458097104
7.8,-0.14642379997208757,-0.16673137727593657,-0.15128664138235662
7.85,-0.14591593941538877,-0.17002606720100114,-0.1510132502429978
7.9,-0.14541402203653833,-0.168747807957446,-0.1500235871760082
7.95,-0.14491800851151027,-0.16196986529326096,-0.14905534677325769
8.0,-0.14442785846583614,-0.15634995818650618,-0.14830098098134292
8.05,-0.14394353054706474,-0.17158747264787538,-0.14756076633507637
8.1,-0.14346498249411646,-0.17613843074977908,-0.14703579401535138
8.15,-0.14299217120369806,-0.17227378282688285,-0.14651791872510697
8.2,-0.14252505279382177,-0.1681208243105613,-0.14514570463001372
8.25,-0.14206358266461053,-0.1724798388432174,-0.14380785030427334
8.3,-0.14160771555643717,-0.17749579558919784,-0.14374666583679094
8.35,-0.14115740560552884,-0.17711597654677524,-0.14367821897797492
8.4,-0.14071260639713115,-0.17321946447454095,-0.14285689637795207
8.45,-0.14027327101631676,-0.16932985353193536,-0.14205285888670036
8.5,-0.1398393520965424,-0.16379071293328898,-0.14200990900875746
8.55,-0.1394108018660125,-0.15922652719884603,-0.14195965722662315
8.6,-0.1389875721919905,-0.16501614919657948,-0.1412401312560259
8.65,-0.13856961462305487,-0.16910701157043767,-0.14053517201928073
8.7,-0.1381568804294684,-0.17662130652030006,-0.14032968720234082
8.75,-0.1377493206416709,-0.1741855348940576,-0.1401225973134174
8.8,-0.13734688608699006,-0.17291172281437858,-0.13997746320166743
8.85,-0.13694952742464092,-0.17712037341592665,-0.13982907668297836
8.9,-0.13655719517908177,-0.18082472552297843,-0.13933746043814824
8.95,-0.13616983977179054,-0.1926712749476481,-0.1388539009010568
9.0,-0.13578741155151217,-0.18550471365871643,-0.13863039694948104
9.05,-0.13540986082304815,-0.1809540369020574,-0.13840661875499263
9.1,-0.13503713787466545,-0.19335598002294524,-0.13794713533656167
9.15,-0.13466919300411834,-0.1872890468700934,-0.1374951366234449
9.2,-0.13430597654341483,-0.18759900724449657,-0.1372832108124558
9.25,-0.13394743888231045,-0.190863550557887,-0.13707108151073383
9.3,-0.13359353049065473,-0.19470934296251527,-0.1362949833027394
9.35,-0.13324420193952252,-0.19028690174592908,-0.13553687836469813
9.4,-0.13289940392132618,-0.1840513556029585,-0.13492123848069915
9.45,-0.13255908726880694,-0.183467409557496,-0.13431861081139612
9.5,-0.13222320297305465,-0.17919360171801013,-0.1344579752951911
9.55,-0.1318917022005417,-0.18540530254720877,-0.13458645623488358
9.6,-0.1315645363092221,-0.1800928440834516,-0.13401314498836828
9.65,-0.13124165686374986,-0.17975628424559037,-0.13345191381612595
9.7,-0.1309230156498229,-0.17876927878029755,-0.1331951835592946
9.75,-0.13060856468771717,-0.17935537849739194,-0.13294059196260408
9.8,-0.13029825624503102,-0.1764126859561537,-0.13206538697050113
9.85,-0.1299920428486633,-0.17291002239787276,-0.13121220511103468
9.9,-0.1296898772960894,-0.1703620134027301,-0.13078511021457864
9.95,-0.12939171266590854,-0.17308125822302864,-0.1303658471390772
10.0,-0.129097502327763,-0.17259826916843898,-0.12982818073588545
10.05,-0.12880719995159265,-0.17204360319853887,-0.12930201707730624
10.1,-0.1285207595162987,-0.167978509168916,-0.12896050652378313
10.15,-0.1282381353177934,-0.16081518814483226,-0.1286243773504167
10.2,-0.12795928197652628,-0.1597218334464108,-0.12871663252108922
10.25,-0.12768415444444708,-0.16388146119109176,-0.12880060685065756
10.3,-0.1274127080114791,-0.17487836274303184,-0.1288771263167629
10.35,-0.12714489831146272,-0.17318998408951627,-0.12894608266775262
10.4,-0.12688068132767363,-0.1732990454415098,-0.12907344712313104
10.45,-0.12662001339786516,-0.1752882913240991,-0.1291918349701473
10.5,-0.1263628512188923,-0.17200489296679192,-0.12895654354366295
10.55,-0.12610915185091345,-0.16444514540142538,-0.12872403191009063
10.6,-0.12585887272120785,-0.16089857661826346,-0.1286104422181633
10.65,-0.12561197162762472,-0.16174808644785024,-0.12849589650606524
10.7,-0.12536840674165467,-0.16532177983365387,-0.12784960551666394
10.75,-0.1251281366111737,-0.16013492626803863,-0.12721947888564622
10.8,-0.12489112016286635,-0.16229974230698832,-0.12681147619457134
10.85,-0.12465731670431843,-0.16341608302198293,-0.12641211179901393
10.9,-0.12442668592581912,-0.1557873785572766,-0.12660881333802318
10.95,-0.12419918790189682,-0.16136742526901834,-0.12679499307087375
11.0,-0.12397478309255766,-0.15610493187900915,-0.1268441770522019
11.05,-0.12375343234428121,-0.15386964877793402,-0.12688772982139188
11.1,-0.1235350968907765,-0.15294541358578345,-0.12676885571514154
11.15,-0.12331973835348825,-0.1529417766908633,-0.12664986423764815
11.2,-0.1231073187418973,-0.15247848253721505,-0.1259551456315777
11.25,-0.12289780045359144,-0.14917781040244693,-0.12527877792946718
11.3,-0.12269114627415742,-0.14725956694844108,-0.12515693309763737
11.35,-0.12248731937687046,-0.14399841306956007,-0.12503522486094532
11.4,-0.122286283322188,-0.1453825706794172,-0.12493604148244128
11.45,-0.12208800205710162,-0.14448118898031556,-0.12483639478396891
11.5,-0.12189243991430007,-0.1486011355274665,-0.12446484752142307
11.55,-0.1216995616111939,-0.14423461023742026,-0.12410163226388152
11.6,-0.12150933224878137,-0.15450515017264138,-0.12398465569569275
11.65,-0.12132171731037945,-0.15329671517222562,-0.12386797593704929
11.7,-0.1211366826602367,-0.148763558524553,-0.12452792713350604
11.75,-0.12095419454199412,-0.1461044840691444,-0.12516354162452478
11.8,-0.12077421957705851,-0.14798082890101838,-0.1247433028234984
11.85,-0.12059672476283723,-0.14902777358958175,-0.12433336131297691
11.9,-0.12042167747090886,-0.1495663679696132,-0.12353973369493497
11.95,-0.12024904544503538,-0.15215047695241993,-0.12276834445829768
12.0,-0.12007879679914718,-0.1448422340767271,-0.12165700062177251
12.05,-0.11991090001519655,-0.13989583789425633,-0.12057800135731714
12.1,-0.11974532394094356,-0.14116108274939493,-0.12018236736239328
12.15,-0.11958203778767462,-0.1394282666491398,-0.11979622022721043
12.2,-0.1194210111278398,-0.13634408775029846,-0.119448298516821
12.25,-0.11926221389261275,-0.1310278580440944,-0.11910839815449699
12.3,-0.11910561636943022,-0.12754271545560042,-0.1186066111763556
12.35,-0.11895118919941011,-0.12197529147677118,-0.11811780565511623
12.4,-0.1187989033747831,-0.13473971461389103,-0.1187357564036588
12.45,-0.11864873023621952,-0.1447170852771116,-0.11933105903812975
12.5,-0.11850064147015295,-0.14609608109952824,-0.11954110106357091
12.55,-0.11835460910602613,-0.1418036785900535,-0.11974169762528565
12.6,-0.1182106055135268,-0.15266662532702224,-0.11983140696937224
12.65,-0.11806860339976612,-0.14611490981699274,-0.11991564108923003
12.7,-0.117928575806447,-0.1394657806973676,-0.11990922289135349
12.75,-0.11779049610697835,-0.1343183361393903,-0.11990050428372868
12.8,-0.11765433800359286,-0.13586972014088755,-0.11876529156402496
12.85,-0.11752007552440719,-0.14015627313357798,-0.11766382274338544
12.9,-0.11738768302048576,-0.13684475938382623,-0.11815145533219841
12.95,-0.11725713516288411,-0.14093257062367284,-0.11862105496543061
13.0,-0.11712840693966536,-0.13705473840834734,-0.11850719998330479
13.05,-0.11700147365291329,-0.13220601576756255,-0.11839464148194712
13.1,-0.11687631091572505,-0.13567302486803276,-0.11796585296801528
13.15,-0.1167528946492041,-0.13350868870725144,-0.11754846088716459
13.2,-0.11663120107944618,-0.126447465343331,-0.11674903961319912
13.25,-0.11651120673449834,-0.13436340500975855,-0.1159728354895885
13.3,-0.11639288844135187,-0.13471936813927982,-0.11595055978534438
13.35,-0.11627622332289782,-0.12740837700628682,-0.11592670646592515
13.4,-0.11616118879489967,-0.13223634120778488,-0.11658356151512278
13.45,-0.1160477625629726,-0.1379587379126356,-0.11721729224066174
13.5,-0.11593592261954253,-0.13649617960619398,-0.11724078482842609
13.55,-0.1158256472408457,-0.13151438488788686,-0.11726151361177428
13.6,-0.1157169149838877,-0.14210788066225657,-0.11744383344622354
13.65,-0.11560970468344979,-0.14042699468448097,-0.11761841090510534
13.7,-0.11550399544909186,-0.1460427359374236,-0.11743364569622208
13.75,-0.11539976666213504,-0.14687145313548122,-0.1172529316954156
13.8,-0.11529699797271195,-0.1458713681650586,-0.11749109071854201
13.85,-0.11519566929677295,-0.14311548607455138,-0.11771987089260981
13.9,-0.11509576081312627,-0.1373978566959627,-0.11706611595860748
13.95,-0.11499725296050495,-0.13131525562416052,-0.11643149453373151
14.0,-0.11490012643463067,-0.12724721883132906,-0.11666642636484958
14.05,-0.11480436218529082,-0.12560224573782988,-0.11689214688720961
14.1,-0.11470994141343595,-0.14344331370775062,-0.11695918769388312
14.15,-0.11461684556830089,-0.14138810597032084,-0.11702246732559929
14.2,-0.11452505634452574,-0.1430300532554989,-0.11683951193041461
14.25,-0.11443455567931746,-0.13969196883140547,-0.11666082960384401
14.3,-0.11434532574959792,-0.1425776900389283,-0.11661714983169508
14.35,-0.11425734896920936,-0.14307357822169336,-0.11657333667433538
14.4,-0.11417060798609951,-0.14513928148405747,-0.1170045775302017
14.45,-0.11408508567955415,-0.1453583963433343,-0.11742060990804226
14.5,-0.11400076515743612,-0.14094016588482028,-0.1172899439774956
14.55,-0.11391762975345844,-0.160398976833654,-0.11716209051426776
14.6,-0.1138356630244571,-0.15914050640349636,-0.11732957621761027
14.65,-0.11375484874769785,-0.1648046867814394,-0.11749040858623515
14.7,-0.11367517091821319,-0.16453918609492382,-0.11689766819691319
14.75,-0.1135966137461395,-0.16526740611687937,-0.11632256346117341
14.8,-0.1135191616540979,-0.16576876824385006,-0.11661185853862868
14.85,-0.1134427992745719,-0.16988923802132258,-0.11689064926337207
14.9,-0.11336751144734566,-0.16282432599707405,-0.11737609602810731
14.95,-0.11329328321691871,-0.15871584504316952,-0.1178448864240152
15.0,-0.11322009982998135,-0.1512635560930724,-0.1174775612647446
15.05,-0.11314794673289352,-0.14469488624619053,-0.11712086257197851
15.1,-0.11307680956919731,-0.14261305435790445,-0.11662886341762875
15.15,-0.11300667417713636,-0.14305221655890935,-0.11615144297659255
15.2,-0.11293752658722234,-0.16214858165855742,-0.11570524898525174
15.25,-0.11286935301980154,-0.15748520595125512,-0.11527213708104196
15.3,-0.11280213988266201,-0.15910842508290357,-0.11541561119845481
15.35,-0.11273587376866079,-0.15560021924382664,-0.11555335817524733
15.4,-0.11267054145335464,-0.1552624667513496,-0.11519058775086566
15.45,-0.11260612989269826,-0.15087688072373873,-0.11483828021522768
15.5,-0.11254262622071884,-0.15146043757726665,-0.11472200334841466
15.55,-0.11248001774724123,-0.16343722089569945,-0.11460832180672094
15.6,-0.11241829195563006,-0.15994254061391996,-0.11404989086745727
15.65,-0.1123574365005588,-0.15349821791096868,-0.11350816050297405
15.7,-0.11229743920579906,-0.15730312587017442,-0.1138149135360453
15.75,-0.11223828806203019,-0.16716974037749727,-0.11411076339240353
15.8,-0.11217997122467249,-0.16104754994139697,-0.11378469895622269
15.85,-0.11212247701176085,-0.1584818716726615,-0.11346797786583294
15.9,-0.11206579390181853,-0.15272849555692658,-0.11371820286902734
15.95,-0.11200991053176458,-0.16001990343645317,-0.11395940407486667
16.0,-0.11195481569484489,-0.1614831883839222,-0.11415332726761414
16.05,-0.11190049833858352,-0.15543298548105297,-0.11434009979528217
16.1,-0.11184694756276449,-0.1596963983034294,-0.11420345541865573
16.15,-0.11179415261742687,-0.16024462693755473,-0.11407025648552693
16.2,-0.11174210290088027,-0.15976556230168526,-0.11409979228583748
16.25,-0.11169078795776083,-0.16025218964503776,-0.11412749318758086
16.3,-0.11164019747708717,-0.16612775663867563,-0.11394059444573706
16.35,-0.11159032129036354,-0.1637525370190826,-0.11375879249524562
16.4,-0.11154114936967634,-0.15778886419311514,-0.11356623903460797
16.45,-0.11149267182583102,-0.1532414643107358,-0.1133789647723281
16.5,-0.11144487890651272,-0.15133304032756767,-0.11371452394422137
16.55,-0.11139776099446372,-0.14784117638443786,-0.11403854387735554
16.6,-0.1113513086056777,-0.14601524089053364,-0.11397364880603131
16.65,-0.11130551238761778,-0.14150661235399262,-0.11391005452736792
16.7,-0.11126036311746823,-0.13597061067349275,-0.11345866922876699
16.75,-0.11121585170038947,-0.1402314534090222,-0.11302091248250701
16.8,-0.11117196916780027,-0.14315961800432336,-0.11350617740131654
16.85,-0.11112870667569012,-0.1444752673412959,-0.1139751954554069
16.9,-0.11108605550293849,-0.1402417083528635,-0.11353563330309155
16.95,-0.11104400704966437,-0.13787559818414163,-0.11310938671674867
17.0,-0.11100255283558944,-0.1340710046064386,-0.11319831133862532
17.05,-0.11096168449842131,-0.13386442682820404,-0.11328367512240568
17.1,-0.11092139379227407,-0.13282293172849613,-0.11293296593708156
17.15,-0.11088167258607182,-0.1394219616582226,-0.1125927395152299
17.2,-0.11084251286201638,-0.13523966583693375,-0.11244455817952029
17.25,-0.11080390671403818,-0.1318090750781549,-0.11230037897825045
17.3,-0.11076584634628421,-0.13261082419598014,-0.11240230451558574
17.35,-0.11072832407162618,-0.12894203720733277,-0.11250026988205544
17.4,-0.11069133231017218,-0.14333191625924577,-0.11281703125925335
17.45,-0.11065486358781874,-0.1425429870158421,-0.11312303352567486
17.5,-0.11061891053480633,-0.1448236658154514,-0.1129438633985229
17.55,-0.11058346588429159,-0.1426008939274417,-0.11276980515876026
17.6,-0.11054852247095023,-0.14734853628491373,-0.1128318765000574
17.65,-0.1105140732295931,-0.14391786493396497,-0.11289137016409297
17.7,-0.11048011119378244,-0.1418905122131713,-0.11275798029195035
17.75,-0.11044662949450217,-0.14143190971325117,-0.11262827059898743
17.8,-0.11041362135880774,-0.14232328813959702,-0.11258338906413505
17.85,-0.1103810801085201,-0.14313817570297988,-0.11253936886516161
17.9,-0.11034899915891606,-0.14430575025737435,-0.11208338971439112
17.95,-0.11031737201746274,-0.16057369297748852,-0.11164137911257346
18.0,-0.11028619228252817,-0.1562633582058946,-0.11157503166618735
18.05,-0.11025545364215965,-0.15275832743917137,-0.111510191182705
18.1,-0.1102251498728247,-0.15200781661142895,-0.11199965921407828
18.15,-0.11019527483821302,-0.14345358814779402,-0.11247294439106419
18.2,-0.1101658224880282,-0.1381542282711698,-0.1121369981085207
18.25,-0.11013678685679959,-0.13991765994511823,-0.1118112584277795
18.3,-0.11010816206272142,-0.1354367436563609,-0.11133690077872545
18.35,-0.1100799423064883,-0.14217826539048703,-0.11087712265019789
18.4,-0.11005212187016794,-0.13484932053454327,-0.11141309859486304
18.45,-0.11002469511606384,-0.13544238943671194,-0.11193141994578142
18.5,-0.10999765648562167,-0.13654274651475629,-0.1122933669524884
18.55,-0.10997100049831889,-0.13985892237630493,-0.11264331008761551
18.6,-0.10994472175060163,-0.13802065620664516,-0.11285205788921376
18.65,-0.10991881491480128,-0.13061508211743755,-0.11305375711986448
18.7,-0.1098932747381017,-0.12479905163915195,-0.11248108519340293
18.75,-0.10986809604148959,-0.12467865547570682,-0.11192630059920902
18.8,-0.10984327371873519,-0.1258210807653653,-0.11241860046821504
18.85,-0.10981880273537978,-0.12300615026033883,-0.11289479094194078
18.9,-0.10979467812774679,-0.12430062312935992,-0.1126206627391816
18.95,-0.10977089500195625,-0.11745225163068565,-0.1123549302310734
19.0,-0.10974744853294265,-0.11210402628047735,-0.11188799837187775
19.05,-0.10972433396352343,-0.1140571756959034,-0.11143557141520179
19.1,-0.10970154660343372,-0.10863883590190715,-0.11117057105972805
19.15,-0.10967908182840151,-0.10945165864752938,-0.11091358320703598
19.2,-0.10965693507923646,-0.1091465554959924,-0.1110259534523286
19.25,-0.10963510186091856,-0.10614172149269559,-0.11113429100059566
19.3,-0.10961357774169701,-0.10553325974042481,-0.1113398777565833
19.35,-0.10959235835222286,-0.10638412986032188,-0.11153849815882716
19.4,-0.10957143938467481,-0.11011351505337848,-0.1115812035142981
19.45,-0.10955081659189182,-0.11597967881543371,-0.11162217890595452
19.5,-0.1095304857865429,-0.10984239381664773,-0.11149774836951623
19.55,-0.10951044284027649,-0.1289400162234192,-0.11137693176880822
19.6,-0.10949068368290717,-0.12318189182789555,-0.11196513244735698
19.65,-0.10947120430160222,-0.12819066216562028,-0.11253424381862139
19.7,-0.1094520007400817,-0.12341102353153438,-0.11224997271965882
19.75,-0.10943306909782535,-0.1269305603617067,-0.11197450735299239
19.8,-0.10941440552928618,-0.12774503772326873,-0.11196449271086799
19.85,-0.10939600624314458,-0.12284072881633724,-0.11195451279166566
19.9,-0.10937786750152191,-0.12606909513353018,-0.11166165954907441
19.95,-0.1093599856192549,-0.12355146113384459,-0.11137785822488154
20.0,-0.1093423569631497,-0.11767614404596366,-0.1114919246230567
20.05,-0.10932497795124618,-0.11750662596571275,-0.11160204641454258
20.1,-0.10930784505211583,-0.11361644246411574,-0.11090538818964754
20.15,-0.10929095478414971,-0.11637899795681556,-0.11023063604661182
20.2,-0.10927430371484963,-0.11149899468231604,-0.11046184946104069
20.25,-0.1092578884601565,-0.11524700603157517,-0.11068531616051613
20.3,-0.10924170568376183,-0.1137329898619246,-0.11029942231730071
20.35,-0.10922575209643276,-0.11832749883658358,-0.10992548745840958
20.4,-0.10921002445537073,-0.1147250714724482,-0.10990438401601955
20.45,-0.10919451956353984,-0.1123679095414775,-0.10988357198363383
20.5,-0.10917923426904252,-0.10724652650641593,-0.10953635092643062
20.55,-0.1091641654644647,-0.1075605237647816,-0.1091998187225246
20.6,-0.10914931008627846,-0.11513066710799631,-0.10881257677538693
20.65,-0.10913466511420075,-0.1219538959968086,-0.10843725652079962
20.7,-0.10912022757060615,-0.12103487155221096,-0.10785129191076774
20.75,-0.10910599451991256,-0.1338415668541521,-0.1072835314464766
20.8,-0.10909196306800073,-0.1294356245912303,-0.10704599239338902
20.85,-0.10907813036162359,-0.12227511454139459,-0.10681548378509736
20.9,-0.10906449358784602,-0.12100932253596892,-0.1069966133830006
20.95,-0.10905104997345418,-0.12794720059852183,-0.10717142139854453
21.0,-0.10903779678442901,-0.12932502184443476,-0.10743618957482078
21.05,-0.10902473132536236,-0.13222323735191532,-0.10769202233353162
21.1,-0.10901185093894056,-0.14946886406301657,-0.10829901879285732
21.15,-0.10899915300539095,-0.1442066337017821,-0.10888624176808946
21.2,-0.10898663494196548,-0.1454069120757842,-0.10914632075310744
21.25,-0.10897429420241078,-0.14150300290607934,-0.10939778926829784
21.3,-0.10896212827645861,-0.1346195569593261,-0.10868721834536745
21.35,-0.10895013468932628,-0.14611871757980174,-0.1079990050957004
21.4,-0.10893831100120366,-0.14049571740549344,-0.10771462689653975
21.45,-0.10892665480676715,-0.14151912701033206,-0.10743892889080692
21.5,-0.10891516373470046,-0.13766372001041455,-0.10747456189509298
21.55,-0.10890383544720858,-0.16084789708425876,-0.10750865170202968
21.6,-0.10889266763953848,-0.16277326554625587,-0.10672689055603002
21.65,-0.10888165803953703,-0.16063287589266942,-0.10596964037456903
21.7,-0.10887080440716161,-0.16082500630848987,-0.10599190921251506
21.75,-0.10886010453405816,-0.15885988810227947,-0.10601297075013813
21.8,-0.10884955624308539,-0.15708629221088655,-0.10593705546022258
21.85,-0.10883915738789618,-0.16325229461477786,-0.10586308229972906
21.9,-0.10882890585249888,-0.16170273795153992,-0.10610714159508548
21.95,-0.10881879955082194,-0.1556396543591292,-0.1063429579899501
22.0,-0.10880883642629868,-0.1512668831205864,-0.10664816813098003
22.05,-0.10879901445145225,-0.14754383593047796,-0.10694324471456598
22.1,-0.1087893316274771,-0.15056717052273835,-0.10734498447268935
22.15,-0.10877978598384405,-0.147560793916999,-0.10773358091202484
22.2,-0.10877037557790209,-0.14619726443406494,-0.10773364542379883
22.25,-0.10876109849447335,-0.14523657502252793,-0.1077334371388562
22.3,-0.10875195284547842,-0.1468371725700955,-0.10772175848410301
22.35,-0.10874293676954494,-0.1432093142096717,-0.10771019127274048
22.4,-0.10873404843163623,-0.14622138940203966,-0.10827359212651542
22.45,-0.10872528602267674,-0.14359508516228264,-0.10881879679473075
22.5,-0.10871664775919089,-0.14383582792828575,-0.10947830736800238
22.55,-0.10870813188293517,-0.1386221106946173,-0.11011666075668412
22.6,-0.10869973666054378,-0.15737814670864636,-0.10997692396372623
22.65,-0.10869146038317758,-0.15382314475080197,-0.10984159668807042
22.7,-0.10868330136618329,-0.1543352031348105,-0.1098942207745816
22.75,-0.10867525794873902,-0.14882535022469098,-0.10994510702902328
22.8,-0.10866732849353368,-0.14353153921523873,-0.10961199963651633
22.85,-0.10865951138642273,-0.13716238980284845,-0.10928945027851537
22.9,-0.10865180503610751,-0.13875538631894682,-0.10931969489890059
22.95,-0.10864420787381465,-0.13875039322499355,-0.10934887368177079
23.0,-0.1086367183529619,-0.1385120272854263,-0.10962514736673903
23.05,-0.10862933494886792,-0.13498411109836708,-0.10989252821297711
23.1,-0.10862205615843158,-0.13188044806021876,-0.10968697679486998
23.15,-0.10861488049981816,-0.1293288560727674,-0.1094879259835685
23.2,-0.10860780651217573,-0.12515203459916197,-0.10954261538824024
23.25,-0.10860083275532818,-0.12493396618239111,-0.10959548578023286
23.3,-0.10859395780948482,-0.1212374564205305,-0.10961408526144266
23.35,-0.1085871802749569,-0.12148417548349584,-0.1096320268461157
23.4,-0.10858049877186743,-0.1221251655145919,-0.10942409303919956
23.45,-0.10857391193987098,-0.1205896238601069,-0.10922272160913135
23.5,-0.10856741843788366,-0.11986853574085643,-0.10905667512918818
23.55,-0.10856101694380643,-0.12611978766773374,-0.10889582585345373
23.6,-0.10855470615425844,-0.1317970766373295,-0.10956618050514957
23.65,-0.10854848478431371,-0.12689795835249112,-0.11021507077700901
23.7,-0.10854235156723124,-0.12803050330024218,-0.10985860177122736
23.75,-0.10853630525421529,-0.1264447577158877,-0.10951348341825125
23.8,-0.10853034461413866,-0.12833707276834155,-0.10935222940513976
23.85,-0.10852446843331655,-0.13656741302079295,-0.10919605155023306
23.9,-0.10851867551524669,-0.1345631891487575,-0.1087009664396274
23.95,-0.10851296468036295,-0.14390793349035555,-0.1082215659707253
24.0,-0.10850733476580582,-0.14154250152482295,-0.10823837719874434
24.05,-0.1085017846251862,-0.14115159809418676,-0.1082544934511646
24.1,-0.10849631312833558,-0.13655337215936705,-0.10843798811109387
24.15,-0.1084909191611036,-0.13820119080293533,-0.10861548785240044
24.2,-0.10848560162510487,-0.13579339360819176,-0.10847176852662392
24.25,-0.10848035943751988,-0.1432717910732741,-0.10833251080719528
24.3,-0.10847519153084856,-0.1512632372162951,-0.10849518809959038
24.35,-0.10847009685272474,-0.14940500709199653,-0.10865254993108832
24.4,-0.1084650743656697,-0.14676409707849333,-0.1084401749747678
24.45,-0.1084601230469099,-0.147542610401527,-0.1082344607107294
24.5,-0.10845524188814756,-0.15029562493017676,-0.10871514414421046
24.55,-0.10845042989537158,-0.1517697254543361,-0.10918038499679295
24.6,-0.10844568608864158,-0.15965717793572273,-0.10918704275835042
24.65,-0.10844100950189883,-0.15932615303436465,-0.10919343728916182
24.7,-0.1084363991827706,-0.16363711305330472,-0.10947595551945354
24.75,-0.10843185419236753,-0.16774237194821956,-0.1097494276961957
24.8,-0.10842737360509815,-0.1685156511241481,-0.11049295245365698
24.85,-0.10842295650847972,-0.16792135728571558,-0.11121279582595145
24.9,-0.10841860200295947,-0.16018054216497224,-0.11131476274397618
24.95,-0.10841430920172214,-0.15346100480855618,-0.11141360052058304
25.0,-0.10841007723051116,-0.14823591958451052,-0.11181517627973662
25.05,-0.10840590522745312,-0.14654975930384853,-0.1122040926140927
25.1,-0.10840179234288225,-0.14382973102270716,-0.11221126369842013
25.15,-0.10839773773917506,-0.1398421653562146,-0.11221839621873547
25.2,-0.10839374059056474,-0.1383316971324836,-0.11203375520312295
25.25,-0.10838980008297909,-0.14765571436260702,-0.11185517859130804
25.3,-0.10838591541388531,-0.14901454684057783,-0.11147331365241975
25.35,-0.1083820857921145,-0.14556610762591568,-0.11110375788065782
25.4,-0.108378310437703,-0.14260491877877868,-0.11092985548970266
25.45,-0.10837458858173718,-0.1370481348693492,-0.11076157204760206
25.5,-0.10837091946619476,-0.13342485190853887,-0.11112553385317459
25.55,-0.10836730234379637,-0.1285222384175011,-0.11147795332731611
25.6,-0.1083637364778367,-0.12586654019351587,-0.11171827113101876
25.65,-0.10836022114205973,-0.12045879762159727,-0.11195104107734499
25.7,-0.10835675562048656,-0.1168962526951349,-0.11152874661119146
25.75,-0.10835333920728711,-0.11268997085227368,-0.11112004226915953
25.8,-0.10834997120663167,-0.11021070421779959,-0.11101195820156305
25.85,-0.10834665093253903,-0.10817677937043609,-0.1109073839352478
25.9,-0.10834337770875492,-0.10194992454642732,-0.11042821060359344
25.95,-0.10834015086860357,-0.09924027394389506,-0.10996434592252953
26.0,-0.10833696975484591,-0.10208181769561633,-0.110063717281416
26.05,-0.10833383371956823,-0.11235617067544633,-0.11015989261933194
26.1,-0.10833074212402014,-0.11184678829464353,-0.11047914855736365
26.15,-0.10832769433850994,-0.11824996757817498,-0.11078822254362376
26.2,-0.10832468974226295,-0.13723269777999442,-0.11050145532450903
26.25,-0.10832172772329986,-0.13587791617419875,-0.11022385904376707
26.3,-0.10831880767831875,-0.1320222877675087,-0.1092556144752371
26.35,-0.10831592901254988,-0.13764381471104836,-0.1083181976197682
26.4,-0.10831309113965783,-0.1320974414049132,-0.10860310036295698
26.45,-0.10831029348161997,-0.1342127848078437,-0.10887876451591305
26.5,-0.10830753546859152,-0.13839640718815155,-0.11000257584294201
26.55,-0.10830481653881101,-0.13969632107861554,-0.1110904823071378
26.6,-0.10830213613846862,-0.13790422721368828,-0.11123178007665668
26.65,-0.10829949372160161,-0.13217646228778393,-0.11136864952716047
26.7,-0.10829688874998968,-0.13067575886062113,-0.11142013157246385
26.75,-0.10829432069302669,-0.126647364755891,-0.11147006579128553
26.8,-0.10829178902763292,-0.12888348102611755,-0.11151358476711182
26.85,-0.10828929323813358,-0.12885242588565576,-0.11155581432792598
26.9,-0.10828683281616769,-0.12616670491199256,-0.11182747880688085
26.95,-0.10828440726056988,-0.13361852998729815,-0.11209059104833981
27.0,-0.10828201607727603,-0.12968706048512266,-0.11273055958220286
27.05,-0.1082796587792286,-0.1253470549437851,-0.11335028567291344
27.1,-0.10827733488626201,-0.11990029638298352,-0.11375826533397343
27.15,-0.10827504392501819,-0.12180160544362419,-0.11415348857490878
27.2,-0.10827278542884872,-0.11640289351900389,-0.1139491405401679
27.25,-0.10827055893771025,-0.11683652674773722,-0.11375159452144384
27.3,-0.10826836399808339,-0.11793231856195115,-0.11363317383466567
27.35,-0.10826620016287158,-0.11199546810181431,-0.11351877458303417
27.4,-0.10826406699131663,-0.11398529712805709,-0.11348647040419793
27.45,-0.10826196404890087,-0.12255226390714025,-0.11345541650683645
27.5,-0.10825989090726278,-0.126970743175704,-0.11304970463747653
27.55,-0.10825784714411596,-0.12666332219989992,-0.11265712208834136
27.6,-0.10825583234315132,-0.13063724316216688,-0.112964274229742
27.65,-0.1082538460939661,-0.12639355642380848,-0.11326177884912832
27.7,-0.10825188799195934,-0.13835281535893487,-0.11320993817645394
27.75,-0.1082499576382812,-0.13298548961566728,-0.11315992768478608
27.8,-0.10824805463971482,-0.13259009812370168,-0.11358803814561566
27.85,-0.10824617860862577,-0.14027029116647166,-0.1140026778342239
27.9,-0.1082443291628742,-0.13979136466791528,-0.11380658712238181
27.95,-0.10824250592572379,-0.1394860212441434,-0.11361696822668672
28.0,-0.10824070852578771,-0.14445706281644172,-0.11406349139617229
28.05,-0.10823893659693411,-0.14351004630287886,-0.11449597986716961
28.1,-0.1082371897782254,-0.14212161565094786,-0.11370278829194799
28.15,-0.1082354677138305,-0.14559353285869053,-0.11293511008093657
28.2,-0.10823377005296742,-0.13949389444382831,-0.11346265001384193
28.25,-0.1082320964498189,-0.13840652564748998,-0.11397350278206933
28.3,-0.10823044656347171,-0.14265894497403647,-0.1133275233461648
28.35,-0.10822882005783896,-0.14072286523607472,-0.11270231229646563
28.4,-0.1082272166016061,-0.1409370808938808,-0.11225671959095589
28.45,-0.10822563586814321,-0.13490798065434836,-0.11182540214217242
28.5,-0.10822407753544762,-0.13658925635350472,-0.11178378862348293
28.55,-0.10822254128608648,-0.1371119452831298,-0.11174350941876232
28.6,-0.10822102680712255,-0.1333861060512455,-0.11119076644541562
28.65,-0.10821953379005346,-0.1300246104835117,-0.11065562962619246
28.7,-0.10821806193074081,-0.12657015590024318,-0.1107934922010914
28.75,-0.10821661092936967,-0.13078844078084878,-0.11092687716664494
28.8,-0.10821518049036083,-0.1259383117098397,-0.11108287638274089
28.85,-0.1082137703223303,-0.12545930998529747,-0.11123384577024141
28.9,-0.10821238013801845,-0.12990225556045046,-0.11164453237828426
28.95,-0.10821100965424274,-0.13266021400422617,-0.11204210503306387
29.0,-0.10820965859182685,-0.13159176246824564,-0.11183810216844911
29.05,-0.1082083266755534,-0.12693642477213196,-0.11164062968684672
29.1,-0.10820701363410662,-0.12723670537944082,-0.11173045145888541
29.15,-0.10820571920000822,-0.14169417791591513,-0.11181741165201997
29.2,-0.10820444310958023,-0.14393688947536357,-0.11184318234090818
29.25,-0.10820318510287413,-0.14242010043308104,-0.11186814585274449
29.3,-0.10820194492362702,-0.14933636341263548,-0.11204828468435706
29.35,-0.10820072231920416,-0.1492774273496014,-0.11222270352282038
29.4,-0.10819951704055857,-0.1504031046035471,-0.11236695710249632
29.45,-0.10819832884216342,-0.15181173432250425,-0.11250666185907464
29.5,-0.10819715748197839,-0.15506665541171752,-0.11208737855515899
29.55,-0.10819600272138546,-0.1519161556688387,-0.11168151584079501
29.6,-0.10819486432515184,-0.14801021415859647,-0.1122306569719848
29.65,-0.108193742061386,-0.1539122707475479,-0.11276230570248735
29.7,-0.10819263570146358,-0.14767408851285693,-0.11254338225753426
29.75,-0.10819154502002046,-0.14138267008622937,-0.11233151661045407
29.8,-0.1081904697948719,-0.14427639292173766,-0.11194573470624784
29.85,-0.10818940980698882,-0.1388715613766315,-0.11157228647442877
29.9,-0.10818836484044052,-0.13794153584526395,-0.11118183888453351
29.95,-0.10818733468236079,-0.13208600404997542,-0.11080380985939159
30.0,-0.10818631912289742,-0.1250897617471157,-0.11118593814649444
30.05,-0.108185317955175,-0.1255658363904333,-0.11155581733706219
30.1,-0.10818433097524432,-0.13104222756138426,-0.11145136434654203
30.15,-0.10818335798204863,-0.12910373302696873,-0.11135022360679082
30.2,-0.10818239877738645,-0.13211989274051497,-0.11222997487870504
30.25,-0.10818145316585087,-0.13604045501319384,-0.11308167645543322
30.3,-0.10818052095482286,-0.13141992157926957,-0.11291526734119457
30.35,-0.10817960195439351,-0.1305847039369247,-0.11275426986929987
30.4,-0.10817869597735735,-0.1359660825023675,-0.11261799024711902
30.45,-0.1081778028391584,-0.1282601674663144,-0.11248613174676587
30.5,-0.10817692235785631,-0.1281103235636826,-0.11254724319653402
30.55,-0.1081760543540927,-0.12285266954338166,-0.1126064641719844
30.6,-0.10817519865103709,-0.11942859196259983,-0.11212086346665213
30.65,-0.10817435507438357,-0.11662485516026827,-0.11165079211369981
30.7,-0.1081735234522867,-0.11547493101319944,-0.11150344533332623
30.75,-0.10817270361533105,-0.10995667387551412,-0.11136077457016044
30.8,-0.108171895396511,-0.10958871597434611,-0.11077763284741197
30.85,-0.10817109863118687,-0.11279048417953012,-0.11021302366812896
30.9,-0.10817031315704444,-0.11172409298429703,-0.11056431255767842
30.95,-0.10816953881407798,-0.11265607568823953,-0.11090428138934172
31.0,-0.10816877544454648,-0.11206000760262314,-0.11097849694842768
31.05,-0.10816802289293985,-0.11645841791124986,-0.111050278277193
31.1,-0.10816728100595867,-0.11621519194677994,-0.11059758909436372
31.15,-0.10816654963247369,-0.11576105135830529,-0.11015926154265429
31.2,-0.10816582862349211,-0.10998619450460416,-0.11017733827607208
31.25,-0.10816511783214064,-0.10981018478269307,-0.11019471275472931
31.3,-0.10816441711361832,-0.10884217300771275,-0.110052262278041
31.35,-0.10816372632518635,-0.10404059007351567,-0.10991422982555096
31.4,-0.10816304532612087,-0.10264322967828413,-0.11039003909000389
31.45,-0.10816237397769601,-0.10533987047968664,-0.11085055716891468
31.5,-0.10816171214315363,-0.11026116402390876,-0.11128798713875113
31.55,-0.10816105968766276,-0.10513779694067045,-0.11171142982187905
31.6,-0.10816041647831617,-0.10050701135310923,-0.11188022177292528
31.65,-0.10815978238408323,-0.09949250058577866,-0.11204365455875351
31.7,-0.10815915727579632,-0.10050507396858516,-0.11214494758570318
31.75,-0.108158541026107,-0.10200173493621771,-0.11224305767447003
31.8,-0.10815793350947923,-0.10264628149465746,-0.11244374091201399
31.85,-0.10815733460215905,-0.11675358526052326,-0.1126380903847497
31.9,-0.10815674418214076,-0.11978082347803802,-0.11229095038269879
31.95,-0.10815616212914331,-0.11946856342376933,-0.11195495416296296
32.0,-0.1081555883246036,-0.12160639316174389,-0.1120161159441512
32.05,-0.10815502265162581,-0.11577519865527795,-0.11207535854429233
32.1,-0.10815446499497802,-0.11245170368595998,-0.11187245938193183
32.15,-0.10815391524105511,-0.10976455487719255,-0.11167605979518777
32.2,-0.10815337327787197,-0.10741062613896142,-0.11191689386198331
32.25,-0.1081528389950197,-0.10270582628467725,-0.11215006114697425
32.3,-0.10815231228365878,-0.10725529632764656,-0.11202008403737201
32.35,-0.10815179303649208,-0.12439491550727749,-0.11189428856597843
32.4,-0.1081512811477447,-0.12223725150724439,-0.11247315661650942
32.45,-0.10815077651313344,-0.13015013549448912,-0.11303360798593479
32.5,-0.10815027902986357,-0.14295101505859667,-0.11299515887246549
32.55,-0.10814978859658825,-0.1494817549823047,-0.11295804607536407
32.6,-0.10814930511340179,-0.14404244048960504,-0.113297577300628
32.65,-0.10814882848181266,-0.13997053432697557,-0.11362639622983108
32.7,-0.10814835860472324,-0.13468261396333187,-0.11349858297270372
32.75,-0.10814789538641634,-0.12884951182195103,-0.11337499245742289
32.8,-0.10814743873252475,-0.1281865144448213,-0.11275493661930451
32.85,-0.10814698855002795,-0.1256449282472606,-0.11215475459849156
32.9,-0.10814654474721158,-0.12125928378386618,-0.1122111196574836
32.95,-0.10814610723367418,-0.11817153824760915,-0.11226571105246609
33.0,-0.10814567592028332,-0.12393417958377555,-0.11212600813759917
33.05,-0.10814525071917558,-0.12351086086600997,-0.11199078432482427
33.1,-0.10814483154373294,-0.12256081524405507,-0.11145321327298545
33.15,-0.10814441830856597,-0.12253919345484582,-0.11093276939615763
33.2,-0.10814401092949345,-0.12023405655445345,-0.11098166490891624
33.25,-0.10814360932352222,-0.12235288252728958,-0.11102892281066491
33.3,-0.10814321340884375,-0.11878280798699879,-0.11108889416619977
33.35,-0.10814282310480383,-0.11317782434907472,-0.11114688604183662
33.4,-0.10814243833189571,-0.11109977831896665,-0.11098528495268085
33.45,-0.10814205901172985,-0.1122778284211984,-0.11082877345031555
33.5,-0.1081416850670406,-0.11323997464541496,-0.11127240995856724
33.55,-0.10814131642164568,-0.11532073190710877,-0.11170183618159082
33.6,-0.10814095300044961,-0.1114291807569729,-0.11137509214323188
33.65,-0.10814059472941667,-0.11357629252784317,-0.11105874779085215
33.7,-0.1081402415355642,-0.11496937989277432,-0.11070491452447545
33.75,-0.1081398933469389,-0.11483066176954461,-0.11036229150465762
33.8,-0.10813955009261686,-0.11311063336900079,-0.11034949994824853
33.85,-0.1081392117026665,-0.10919244805144195,-0.11033700229323884
33.9,-0.10813887810815181,-0.10431569379326971,-0.11046085931624348
33.95,-0.10813854924112237,-0.10641269053249806,-0.11058066037993655
34.0,-0.10813822503457952,-0.10647931944718998,-0.1103876225838554
34.05,-0.10813790542247634,-0.11463654249268769,-0.11020064563232199
34.1,-0.10813759033970757,-0.11340152702879243,-0.11010160604408453
34.15,-0.10813727972208262,-0.12191217629829723,-0.1100056058738915
34.2,-0.1081369735063255,-0.11662914344398354,-0.10963466292240077
34.25,-0.10813667163006144,-0.12861038379544845,-0.10927540762357102
34.3,-0.10813637403178634,-0.13112094704510122,-0.10998461964305797
34.35,-0.1081360806508771,-0.13088580097989522,-0.11067106290334029
34.4,-0.10813579142757117,-0.13157763976410386,-0.11131158887503705
34.45,-0.10813550630294982,-0.12709168414537003,-0.1119316543490922
34.5,-0.10813522521892799,-0.12180807771780748,-0.11134869711153955
34.55,-0.1081349481182407,-0.11993043451717846,-0.11078435095664138
34.6,-0.10813467494444655,-0.1144352691111693,-0.11141963295968514
34.65,-0.10813440564189385,-0.10971717286856979,-0.11203463132193835
34.7,-0.10813414015571733,-0.10493044295526427,-0.11166201954671373
34.75,-0.10813387843183814,-0.09955678707518696,-0.11130132823302705
34.8,-0.10813362041694016,-0.09502386858657669,-0.11115416793202165
34.85,-0.10813336605845993,-0.08966430929079189,-0.11101168590824373
34.9,-0.10813311530458325,-0.09802548475856733,-0.11116715512017185
34.95,-0.10813286810422493,-0.09442198042412081,-0.11131764092382979
35.0,-0.1081326244070322,-0.08940364858015167,-0.11116302233394892
35.05,-0.10813238416335426,-0.08538942778339961,-0.11101332242215649
35.1,-0.10813214732425588,-0.0825714617687537,-0.11143620118591628
35.15,-0.10813191384148357,-0.08079552122363527,-0.11184558142623813
35.2,-0.10813168366747909,-0.08002757552582399,-0.11220214573600001
35.25,-0.10813145675535249,-0.08270010161709107,-0.11254739258900513
35.3,-0.10813123305887533,-0.08812515975401147,-0.11191944942633118
35.35,-0.1081310125324773,-0.08295374694490688,-0.11131159996615408
35.4,-0.10813079513123948,-0.08092299712306625,-0.11090351365131092
35.45,-0.10813058081087074,-0.07627806954200707,-0.11050841449073993
35.5,-0.10813036952770769,-0.07140828577932129,-0.11023095328715131
35.55,-0.1081301612387147,-0.07074846083084375,-0.10996225384846114
35.6,-0.1081299559014603,-0.07045096982950831,-0.11010522043136231
35.65,-0.10812975347410703,-0.07772696663240382,-0.11024351695174522
35.7,-0.10812955391542828,-0.08852612575295424,-0.11008559609665601
35.75,-0.10812935718476115,-0.08898224640955762,-0.10993261544191323
35.8,-0.1081291632420367,-0.09113132195722101,-0.11017351557722904
35.85,-0.10812897204774287,-0.0963016646052926,-0.11040663196773078
35.9,-0.10812878356293129,-0.09394286282123378,-0.11046889309365099
35.95,-0.1081285977492003,-0.09922689169002907,-0.11052910279005183
36.0,-0.10812841456870519,-0.11392041826273314,-0.11016229641862485
36.05,-0.1081282339841243,-0.1291270427105754,-0.10980711648328802
36.1,-0.10812805595867267,-0.12586865179957915,-0.10985815476185004
36.15,-0.10812788045608172,-0.12512961868760372,-0.10990745485362577
36.2,-0.10812770744059924,-0.13005240192075448,-0.10965190048366849
36.25,-0.1081275368769793,-0.12538845034757276,-0.10940438498287208
36.3,-0.10812736873047885,-0.13163226093481978,-0.10920530298665844
36.35,-0.10812720296684084,-0.13072797516097395,-0.10901242404293034
36.4,-0.10812703955230098,-0.12277489031670025,-0.10951653727902941
36.45,-0.10812687845356414,-0.1209977055092704,-0.11000443087642725
36.5,-0.10812671963781444,-0.12228132706915044,-0.10943783903696186
36.55,-0.10812656307269836,-0.12043231686887282,-0.10888921535742259
36.6,-0.10812640872632144,-0.12350803810388118,-0.10823253467773468
36.65,-0.10812625656724481,-0.13308182006259922,-0.10759660333568716
36.7,-0.10812610656446839,-0.12980712889930215,-0.10783658857228641
36.75,-0.10812595868743084,-0.12484616650498422,-0.10806866623305324
36.8,-0.10812581290601635,-0.12352890590630759,-0.10759429822048833
36.85,-0.10812566919051747,-0.12406715970332312,-0.10713482243223593
36.9,-0.10812552751166553,-0.11881018676685816,-0.10717264541835986
36.95,-0.10812538784059349,-0.11603929885062113,-0.10720897996012015
37.0,-0.10812525014884944,-0.1203607675892625,-0.10737552366019673
37.05,-0.1081251144083831,-0.11808954755883104,-0.10753649610567208
37.1,-0.10812498059154585,-0.11926440295603552,-0.10751714091185571
37.15,-0.10812484867107379,-0.13374733502108332,-0.10749817193948326
37.2,-0.10812471862009455,-0.13621054158469728,-0.10737619726090165
37.25,-0.1081245904121138,-0.13238909329444049,-0.10725788269770464
37.3,-0.10812446402101177,-0.12738196137075167,-0.10727386870860807
37.35,-0.10812433942104338,-0.12421857100564011,-0.1072891098546484
37.4,-0.10812421658682804,-0.11878388693416458,-0.10778022030701873
37.45,-0.10812409549333957,-0.1128386379266256,-0.10825546521975968
37.5,-0.10812397611590949,-0.1142457791417631,-0.10808462155722819
37.55,-0.10812385843022038,-0.11563915025474762,-0.10791908210582851
37.6,-0.10812374241229569,-0.10759341717728674,-0.10818354794477085
37.65,-0.10812362803850312,-0.10095081495190497,-0.10843943165611362
37.7,-0.10812351528554451,-0.0974711730721039,-0.10826705777108478
37.75,-0.10812340413044569,-0.09257298565202113,-0.10810006304614668
37.8,-0.10812329455056666,-0.09070509611843891,-0.10834686372066617
37.85,-0.10812318652358126,-0.08897656675717704,-0.10858566985953325
37.9,-0.10812308002748736,-0.09886266138932147,-0.10837403962876294
37.95,-0.10812297504058659,-0.09705118096164803,-0.10816906002418993
38.0,-0.10812287154149444,-0.09859327259566054,-0.10862490215172468
38.05,-0.10812276950912345,-0.09019388395608909,-0.1090661061206436
38.1,-0.10812266892268986,-0.08523503758639356,-0.10914988138760733
38.15,-0.10812256976170359,-0.08148110883066312,-0.10923094609201352
38.2,-0.10812247200596142,-0.09257921079361232,-0.10979020202563032
38.25,-0.10812237563555377,-0.08559222318209368,-0.11033161895896088
38.3,-0.10812228063084106,-0.08197237012117979,-0.11042094763681697
38.35,-0.10812218697247733,-0.07642388903664978,-0.11050749474459157
38.4,-0.1081220946413799,-0.0725121417485993,-0.11077761995471447
38.45,-0.10812200361873944,-0.06635343884294626,-0.11103921738663987
38.5,-0.1081219138860133,-0.06791950410487002,-0.11143769079725917
38.55,-0.10812182542492205,-0.07688076634246635,-0.11182358921033314
38.6,-0.10812173821744277,-0.0879991488847156,-0.11190455164360058
38.65,-0.10812165224581242,-0.08411107206427125,-0.11198311101315418
38.7,-0.10812156749251772,-0.08331767457611226,-0.11177919209360682
38.75,-0.10812148394029517,-0.08089861478223194,-0.11158194960916931
38.8,-0.10812140157211747,-0.07670492262187899,-0.11148458233306323
38.85,-0.10812132037121049,-0.07770696918122973,-0.11139045834724014
38.9,-0.1081212403210296,-0.07618758522891027,-0.11100863875286918
38.95,-0.10812116140526644,-0.07932466871506519,-0.11063910091090562
39.0,-0.10812108360785223,-0.0910868830087365,-0.1099082581068035
39.05,-0.10812100691292752,-0.08868695743000499,-0.10920074715229064
39.1,-0.10812093130487915,-0.09430022998354301,-0.10926939778596197
39.15,-0.10812085676829657,-0.09694316610037738,-0.10933579794904538
39.2,-0.10812078328799862,-0.09157920354188408,-0.10953388334873863
39.25,-0.10812071084901688,-0.08930687044809293,-0.10972560937451799
39.3,-0.10812063943659549,-0.09737845065514629,-0.10981298898201707
39.35,-0.10812056903618447,-0.09941447569417884,-0.10989756877146181
39.4,-0.10812049963344314,-0.09466063980429118,-0.1097876779673373
39.45,-0.10812043121422991,-0.0882131689453908,-0.10968128483551494
39.5,-0.10812036376461247,-0.08773069084651645,-0.1095407549892924
39.55,-0.10812029727084749,-0.08344319159241877,-0.10940468107494064
39.6,-0.10812023171939078,-0.07910543667146977,-0.10980347335586521
39.65,-0.10812016709688715,-0.08315840895927094,-0.11018952299399432
39.7,-0.10812010339017046,-0.0789717052481511,-0.11030873185706336
39.75,-0.10812004058626687,-0.07937673494211905,-0.11042416806239845
39.8,-0.1081199786723781,-0.08160893855865954,-0.11095040797741519
39.85,-0.10811991763589485,-0.08247972023437476,-0.11145993001488311
39.9,-0.10811985746437996,-0.08509700398168209,-0.11168724312690166
39.95,-0.10811979814557854,-0.08354050647058615,-0.11190744170405134
40.0,-0.10811973966740442,-0.08323156985224159,-0.11234082362232581
40.05,-0.10811968201794357,-0.07935435943043291,-0.11276055972783768
40.1,-0.10811962518545748,-0.08034654248827058,-0.11219426414024049
40.15,-0.10811956915836286,-0.08315444569708877,-0.11164622491479392
40.2,-0.1081195139252486,-0.07869345395142323,-0.11149778630232715
40.25,-0.10811945947486556,-0.07283591110214971,-0.1113541965734494
40.3,-0.10811940579611647,-0.06911476561443816,-0.11164376876168752
40.35,-0.10811935287806608,-0.06668228714246811,-0.11192421130622437
40.4,-0.10811930070994115,-0.0691838915299564,-0.11248239266420294
40.45,-0.10811924928110343,-0.06925958461469944,-0.11302293247680321
40.5,-0.1081191985810868,-0.06572927171787667,-0.11233435664965684
40.55,-0.10811914859955678,-0.05993782785305046,-0.11166793147105453
40.6,-0.10811909932633412,-0.054849277163515245,-0.11163844604827518
40.65,-0.10811905075137797,-0.05758316760021466,-0.11161000117797398
40.7,-0.10811900286479936,-0.0643314130956926,-0.11222061571171388
40.75,-0.10811895565683417,-0.060393513019318966,-0.11281187581767171
40.8,-0.1081189091178702,-0.060726894033190384,-0.11277183459853717
40.85,-0.10811886323843023,-0.05758633457298086,-0.11273325606984892
40.9,-0.1081188180091619,-0.06416677011083721,-0.11242630365428444
40.95,-0.10811877342085463,-0.06064350526574074,-0.11212930122462733
41.0,-0.1081187294644227,-0.05472365987380681,-0.11156529350019505
41.05,-0.10811868613091544,-0.05083872636325695,-0.1110193668214467
41.1,-0.10811864341150024,-0.048661949560110704,-0.11095942508124934
41.15,-0.10811860129747952,-0.04676525024029699,-0.11090141549087879
41.2,-0.10811855978027046,-0.04920029253808199,-0.11099549514633199
41.25,-0.10811851885141852,-0.044741186957618535,-0.11108659106116325
41.3,-0.10811847850258384,-0.04303983262627216,-0.11112151892481692
41.35,-0.10811843872554476,-0.049753708643363835,-0.11115536158888929
41.4,-0.10811839951220108,-0.047282941687824244,-0.11105268403030608
41.45,-0.10811836085456736,-0.043456764900476536,-0.1109533084190189
41.5,-0.10811832274475942,-0.05038540566055315,-0.11092715923971666
41.55,-0.10811828517502473,-0.050608141148009184,-0.11090185698731603
41.6,-0.10811824813770182,-0.06409200079567155,-0.11108783129436173
41.65,-0.10811821162524743,-0.06662595520315782,-0.11126789191955341
41.7,-0.10811817563022287,-0.06640879177092777,-0.11153819283967806
41.75,-0.10811814014530086,-0.0673238907058947,-0.11179992387714954
41.8,-0.1081181051632452,-0.06428327818490327,-0.1112072342444498
41.85,-0.1081180706769345,-0.06355893004744709,-0.11063350186532774
41.9,-0.10811803667934185,-0.06571145403199127,-0.11083561769346321
41.95,-0.1081180031635382,-0.06203669165806333,-0.11103127897949362
42.0,-0.10811797012270254,-0.06820384062158406,-0.11078602803596067
42.05,-0.10811793755009819,-0.07364366514658449,-0.1105486037474824
42.1,-0.10811790543909651,-0.07508744792004168,-0.11071983475143797
42.15,-0.10811787378314647,-0.07573457976924351,-0.11088558799709375
42.2,-0.10811784257580505,-0.07276133733451365,-0.11064451643937834
42.25,-0.10811781181071697,-0.09267467806660606,-0.11041112686865713
42.3,-0.10811778148161134,-0.09044173754126093,-0.11081404357642936
42.35,-0.10811775158230841,-0.0863719844972341,-0.11120409316229031
42.4,-0.1081177221067195,-0.08177588291426038,-0.11150086318692291
42.45,-0.10811769304884038,-0.08186350103150739,-0.11178821272532959
42.5,-0.10811766440275114,-0.08196971275422457,-0.11145264040236039
42.55,-0.10811763616261628,-0.08701886083283378,-0.11112783339696082
42.6,-0.1081176083226813,-0.0930885480853942,-0.1108858964615946
42.65,-0.10811758087727608,-0.08984192983820734,-0.11065168586364249
42.7,-0.10811755382081145,-0.09248194239334173,-0.11120434895441941
42.75,-0.10811752714777256,-0.09211328756069109,-0.11173939169708226
42.8,-0.1081175008527289,-0.08781452312409867,-0.1120053760740743
42.85,-0.10811747493031748,-0.09157973212818576,-0.1122629599011099
42.9,-0.10811744937526643,-0.09290040864378506,-0.1115279306177528
42.95,-0.10811742418236125,-0.09728471007246008,-0.11081642189496901
43.0,-0.10811739934647857,-0.0994284300591613,-0.11096171640459607
43.05,-0.10811737486254902,-0.10160458164879187,-0.11110237204164054
43.1,-0.10811735072559436,-0.11535952143170318,-0.11119786233121
43.15,-0.10811732693069036,-0.11145922677486547,-0.11129032370819658
43.2,-0.10811730347299377,-0.11254495033851207,-0.11093629746625062
43.25,-0.1081172803477255,-0.11523326909793605,-0.11059357373660217
43.3,-0.10811725755017054,-0.11550178482934641,-0.11013575694593007
43.35,-0.10811723507569154,-0.12258104715182717,-0.10969249041249347
43.4,-0.10811721291970516,-0.12036597563999613,-0.10981674827839685
43.45,-0.10811719107769892,-0.11491584319463936,-0.10993694568673677
43.5,-0.10811716954522445,-0.12266994694481953,-0.10952680415269675
43.55,-0.10811714831789415,-0.1250507480463987,-0.1091296459767537
43.6,-0.10811712739138118,-0.15464571155892304,-0.10938092872905726
43.65,-0.10811710676142958,-0.14943880976217747,-0.10962406641908275
43.7,-0.1081170864238306,-0.1490553107618907,-0.10960838790450043
43.75,-0.10811706637444302,-0.15063112670036802,-0.10959311242468386
43.8,-0.10811704660918302,-0.1456883262472565,-0.10900875777593552
43.85,-0.1081170271240241,-0.14619442167183597,-0.10844291893380212
43.9,-0.10811700791499383,-0.14099128248898332,-0.10876289362506074
43.95,-0.10811698897818384,-0.13791180207580356,-0.10907249210706252
44.0,-0.10811697030973305,-0.13882853836796716,-0.10878441209231057
44.05,-0.10811695190584114,-0.13726408461328243,-0.10850538004749524
44.1,-0.10811693376275837,-0.1391910845701172,-0.10837193009134051
44.15,-0.10811691587678567,-0.1366542590769537,-0.10824256187481561
44.2,-0.10811689824428132,-0.13053884346863726,-0.1089400921033247
44.25,-0.10811688086165425,-0.13497973584882253,-0.10961522329005886
44.3,-0.108116863725364,-0.13172054320337642,-0.10953481590390869
44.35,-0.10811684683191736,-0.1423606838188797,-0.10945690476098681
44.4,-0.10811683017787174,-0.14028419559051752,-0.10940827579180984
44.45,-0.10811681375983859,-0.13686171150878748,-0.10936112049439116
44.5,-0.10811679757447318,-0.13279972247308522,-0.10970917420935167
44.55,-0.10811678161847132,-0.1312773248409653,-0.1100460627586209
44.6,-0.10811676588859295,-0.12413545329989897,-0.11047827843914591
44.65,-0.10811675038162498,-0.1270252699544539,-0.11089670739363491
44.7,-0.10811673509441508,-0.12261478907295893,-0.11068036691050195
44.75,-0.10811672002384132,-0.1349766116237591,-0.11047096561989746
44.8,-0.10811670516684248,-0.12944310011217344,-0.11021281573773627
44.85,-0.10811669052038439,-0.12705906295896488,-0.1099629000472216
44.9,-0.10811667608148684,-0.12238012136775364,-0.1096639713824648
44.95,-0.10811666184721015,-0.12043069876447206,-0.10937453375424094
45.0,-0.10811664781465175,-0.11666630253715736,-0.10956846252465711
45.05,-0.10811663398095295,-0.11714758678005038,-0.10975613854024291
45.1,-0.10811662034329891,-0.1355893092999278,-0.10967934872569944
45.15,-0.10811660689890523,-0.15135319952637652,-0.10960496223313869
45.2,-0.10811659364503806,-0.14620646616203958,-0.10973933693934618
45.25,-0.10811658057899737,-0.14998381961458018,-0.10986937890294475
45.3,-0.10811656769812021,-0.1431733881993323,-0.11028367865627889
45.35,-0.10811655499978413,-0.1375783037102468,-0.11068475396580035
45.4,-0.1081165424813971,-0.13952790260705936,-0.1110309724063193
45.45,-0.10811653014041428,-0.138322823173211,-0.11136620233280141
45.5,-0.10811651797432126,-0.15220302960724846,-0.11102457635659707
45.55,-0.10811650598063735,-0.14791988214473006,-0.11069392302391685
45.6,-0.10811649415691899,-0.14355495559822024,-0.1103563848621768
45.65,-0.10811648250075975,-0.1489437736657816,-0.11002963082618399
45.7,-0.10811647100978358,-0.1550554827277307,-0.11026056842585336
45.75,-0.10811645968165155,-0.1523704607954112,-0.11048412941397331
45.8,-0.10811644851405511,-0.14979980218962605,-0.11062679312496067
45.85,-0.10811643750471606,-0.1655025845905426,-0.11076492952727095
45.9,-0.10811642665139676,-0.16946584569813303,-0.11101106030587103
45.95,-0.10811641595188312,-0.16342152460980108,-0.11124939075812634
46.0,-0.10811640540399486,-0.1562312664880313,-0.11131499747129787
46.05,-0.10811639500558545,-0.15365183739340296,-0.11137859138512989
46.1,-0.1081163847545353,-0.17612368445104135,-0.11078645876894953
46.15,-0.10811637464875865,-0.1729067001290338,-0.11021326919679585
46.2,-0.10811636468619329,-0.16701437628204885,-0.10988581109771015
46.25,-0.10811635486481083,-0.1686207462814854,-0.10956876823693551
46.3,-0.10811634518260983,-0.17340071443157312,-0.1093664355590374
46.35,-0.10811633563761926,-0.1670372386856269,-0.10917048098313271
46.4,-0.10811632622789506,-0.16043520612924633,-0.10907615227873368
46.45,-0.10811631695151681,-0.16012104985468628,-0.10898473188931461
46.5,-0.10811630780660124,-0.15489786266843755,-0.10903782279287554
46.55,-0.10811629879127853,-0.15145205428634972,-0.10908911535428016
46.6,-0.1081162899037194,-0.15221362531233884,-0.10909500368782048
46.65,-0.10811628114210467,-0.14585434208534984,-0.1091006096051273
46.7,-0.10811627250465569,-0.1415826432413905,-0.10891228843774796
46.75,-0.10811626398961066,-0.13757976864726804,-0.10872987472169457
46.8,-0.1081162555952348,-0.14402270615604065,-0.10884512778627667
46.85,-0.10811624731982032,-0.15222564444836492,-0.10895659300804454
46.9,-0.10811623916167967,-0.14720456217448757,-0.10902501974714593
46.95,-0.10811623111914893,-0.1390168053604359,-0.1090911729320668
47.0,-0.1081162231905946,-0.13863151670664542,-0.1090361004459458
47.05,-0.10811621537439658,-0.13018893161599554,-0.10898270225120964
47.1,-0.10811620766896528,-0.13074850622491407,-0.10887375368138413
47.15,-0.10811620007273123,-0.12524709273643908,-0.10876818946041089
47.2,-0.1081161925841453,-0.12915116891773282,-0.1083275291948336
47.25,-0.10811618520168195,-0.12759777787638338,-0.10790080363756327
47.3,-0.10811617792383926,-0.1268428700188354,-0.1083268998018955
47.35,-0.1081161707491356,-0.1217189644866192,-0.10873925855201291
47.4,-0.10811616367610277,-0.1188742038620865,-0.10920431228971096
47.45,-0.10811615670330638,-0.11276414266262227,-0.10965446256035412
47.5,-0.10811614982932553,-0.10674134991858461,-0.10982315361983667
47.55,-0.10811614305275619,-0.1053140768259183,-0.109986458139768
47.6,-0.1081161363722213,-0.10547439182997483,-0.10965165024517412
47.65,-0.10811612978636073,-0.10196580487579919,-0.10932751925427074
47.7,-0.10811612329382782,-0.09802558840091398,-0.10949450124583825
47.75,-0.10811611689330292,-0.10152862109994372,-0.10965612447244498
47.8,-0.10811611058348322,-0.09887869948205028,-0.10923022566255955
47.85,-0.10811610436308285,-0.0952036124797061,-0.10881787896774105
47.9,-0.10811609823083276,-0.09056142219174251,-0.10893425903766261
47.95,-0.10811609218548418,-0.08968234284382808,-0.10904685238426419
48.0,-0.1081160862258086,-0.10142371801444026,-0.10921205746329908
48.05,-0.10811608035058756,-0.10020179688626708,-0.1093719425107084
48.1,-0.10811607455862635,-0.10471467145707808,-0.10973876823807906
48.15,-0.10811606884874703,-0.103240042962337,-0.11009388128602317
48.2,-0.10811606321978519,-0.1011530863488594,-0.11049462357874404
48.25,-0.10811605767058996,-0.10004735099751916,-0.11088263299938765
48.3,-0.10811605220003741,-0.10199173253482853,-0.11111215618283693
48.35,-0.10811604680701041,-0.10966521370274697,-0.11133446280496888
48.4,-0.10811604149040867,-0.11786057167040048,-0.11088029321430828
48.45,-0.1081160362491488,-0.1115931440623222,-0.1104407151717227
48.5,-0.10811603108216765,-0.10443127758782138,-0.11076001588184901
48.55,-0.10811602598840543,-0.1047332463750093,-0.11106919634357772
48.6,-0.10811602096683276,-0.10114414997839895,-0.11067673338407868
48.65,-0.10811601601642024,-0.09746130429489806,-0.1102968683978993
48.7,-0.10811601113616547,-0.09883733522723243,-0.10991826019763201
48.75,-0.10811600632506603,-0.09725543182822728,-0.10955174199116303
48.8,-0.10811600158214993,-0.10283962130017164,-0.11054371554212572
48.85,-0.10811599690644513,-0.09961857267775281,-0.1115040657258107
48.9,-0.10811599229700324,-0.09543113982281146,-0.11135649110003676
48.95,-0.1081159877528826,-0.09177074357569212,-0.1112137467307877
49.0,-0.10811598327315845,-0.0841486135655333,-0.11100027648671477
49.05,-0.10811597885691615,-0.08354732406282529,-0.11079370658912853
49.1,-0.10811597450325791,-0.08304501175934308,-0.11090380824461632
49.15,-0.10811597021129948,-0.07925890988322971,-0.1110104667658227
49.2,-0.10811596598016332,-0.08600669552433012,-0.1107169942910223
49.25,-0.1081159618089888,-0.08867079007911854,-0.11043294731117437
49.3,-0.1081159576969254,-0.08795145221169567,-0.11060721284329833
49.35,-0.10811595364313273,-0.08638230632891963,-0.11077595689138696
49.4,-0.10811594964679062,-0.083558555423586,-0.11069469865449656
49.45,-0.10811594570708233,-0.07743190772845852,-0.11061608395131843
49.5,-0.10811594182320458,-0.07931976314111393,-0.11053552637348411
49.55,-0.10811593799436423,-0.08195954140760739,-0.1104575748717776
49.6,-0.10811593421978499,-0.07978258544424847,-0.11022682473723483
49.65,-0.10811593049869739,-0.07871616185595781,-0.11000344967323687
49.7,-0.10811592683034536,-0.0819770568475103,-0.11003034266304249
49.75,-0.10811592321397291,-0.08218979710246277,-0.11005636707659601
49.8,-0.1081159196488544,-0.08624043070982308,-0.10966728591212001
49.85,-0.10811591613425743,-0.08657086924697709,-0.10929058922146394
49.9,-0.10811591266946649,-0.08134745297813442,-0.10963265007733441
49.95,-0.10811590925377618,-0.093785510021562,-0.10996374722763193
50.0,-0.10811590588649124,-0.09969855961494627,-0.1097601351136946
50.05,-0.10811590256692316,-0.09589583235678002,-0.1095629958579829
50.1,-0.10811589929440028,-0.09960126005706553,-0.10939660404819211
50.15,-0.10811589606825435,-0.1005352642445354,-0.10923546743959596
50.2,-0.10811589288782386,-0.09712355176171057,-0.10891654098263284
50.25,-0.10811588975246753,-0.09985858919975328,-0.1086077027294401
50.3,-0.10811588666154072,-0.09654667680245663,-0.1084950015772692
50.35,-0.10811588361441905,-0.09733210099859256,-0.10838577201699026
50.4,-0.10811588061047814,-0.10889227576796219,-0.10898938395601858
50.45,-0.10811587764910707,-0.1079979318184145,-0.10957364013187369
50.5,-0.10811587472970174,-0.10375657779400786,-0.10976009148886505
50.55,-0.10811587185167149,-0.1138157808126674,-0.10994057500847554
50.6,-0.10811586901442566,-0.10844056071857569,-0.10920955364709116
50.65,-0.10811586621738715,-0.10366890054652211,-0.10850181590099144
50.7,-0.10811586345998556,-0.10013635374638988,-0.10825086692322233
50.75,-0.10811586074166062,-0.09411827728187896,-0.10800779442507005
50.8,-0.1081158580618588,-0.09131297037126732,-0.10791787739796764
50.85,-0.10811585542003001,-0.09106109119620523,-0.10783067226954463
50.9,-0.10811585281564433,-0.09294099977738787,-0.10753934812853753
50.95,-0.10811585024816174,-0.09151715621540711,-0.10725714176075142
51.0,-0.10811584771706925,-0.09024647623501718,-0.10721610982217608
51.05,-0.10811584522184034,-0.08492308475194134,-0.10717618344708484
51.1,-0.1081158427619755,-0.09039363133667468,-0.10702662505724211
51.15,-0.10811584033696846,-0.0902074039950874,-0.10688162968106969
51.2,-0.10811583794632984,-0.08500634772152024,-0.10730889029415759
51.25,-0.10811583558956687,-0.09755957674758817,-0.10772232648136136
51.3,-0.10811583326620368,-0.09606274750413243,-0.10758733868730362
51.35,-0.10811583097576775,-0.09258734336407466,-0.10745651017521936
51.4,-0.10811582871778658,-0.08705503409864765,-0.10709027795215169
51.45,-0.10811582649180788,-0.08614065669658469,-0.10673555348235417
51.5,-0.10811582429737267,-0.07876877473787523,-0.1069245497005495
51.55,-0.10811582213403205,-0.07849685556878987,-0.1071073174238259
51.6,-0.10811582000135402,-0.08063885681697537,-0.10672696023771008
51.65,-0.10811581789889643,-0.07899767473797226,-0.10635854601827026
51.7,-0.10811581582623403,-0.07862590828676637,-0.10649441088266764
51.75,-0.10811581378294494,-0.07609776324672837,-0.10662572305797224
51.8,-0.10811581176861064,-0.07463891999343301,-0.10719560078734455
51.85,-0.10811580978282276,-0.07956496689612214,-0.10774713336729065
51.9,-0.10811580782517627,-0.07599710199058209,-0.10785862432911578
51.95,-0.10811580589527292,-0.0791590880387822,-0.10796646806494661
52.0,-0.10811580399271782,-0.08088029299449882,-0.10829208004237215
52.05,-0.10811580211712624,-0.07487810497558908,-0.10860724683367662
52.1,-0.10811580026811338,-0.07650953492643177,-0.10870791089419035
52.15,-0.10811579844530125,-0.07515894113672243,-0.10880534918639494
52.2,-0.10811579664832535,-0.07083687550860694,-0.10868656017210869
52.25,-0.10811579487681104,-0.08478398316751573,-0.10857155161148226
52.3,-0.10811579313040393,-0.08437918859964749,-0.10902027775819213
52.35,-0.10811579140874289,-0.07919411287420752,-0.10945469071995613
52.4,-0.10811578971148367,-0.07547255598735564,-0.10886108699178354
52.45,-0.10811578803827526,-0.0699054188772302,-0.10828643989088546
52.5,-0.10811578638877677,-0.07297323273936711,-0.10933383524778696
52.55,-0.10811578476265743,-0.06853287898355136,-0.11034782616190669
52.6,-0.10811578315957976,-0.06352481285523223,-0.11038739066431852
52.65,-0.10811578157922312,-0.06763714877388315,-0.11042581880874679
52.7,-0.10811578002126011,-0.0655409365200454,-0.11062740171129457
52.75,-0.1081157784853735,-0.058907269924347604,-0.11082268984355283
52.8,-0.10811577697125613,-0.05403581129782351,-0.11063729118597046
52.85,-0.10811577547859413,-0.050799058933386584,-0.11045795028074862
52.9,-0.10811577400708376,-0.05328508847020031,-0.11003978018827415
52.95,-0.10811577255642799,-0.047370468732601916,-0.10963504579781218
53.0,-0.10811577112632981,-0.04529600648105405,-0.10899515314605879
53.05,-0.10811576971649899,-0.04118768516246511,-0.10837568622765799
53.1,-0.10811576832664861,-0.037713776712422084,-0.10889632319831062
53.15,-0.10811576695649183,-0.03486865035705895,-0.10940031997092634
53.2,-0.10811576560575187,-0.04307990902882353,-0.1089033789749944
53.25,-0.10811576427415534,-0.05138834240075484,-0.10842229220600488
53.3,-0.10811576296142889,-0.04822312435794943,-0.10818426689765376
53.35,-0.10811576166730585,-0.04234277609905037,-0.10795376885897694
53.4,-0.10811576039151961,-0.04474927999831255,-0.10793966381720493
53.45,-0.10811575913381705,-0.04292152627261965,-0.10792591826533032
53.5,-0.1081157578939349,-0.03908450599649138,-0.1075947097961829
53.55,-0.1081157566716234,-0.04331389557546772,-0.10727396130475646
53.6,-0.10811575546663618,-0.0401606841124236,-0.10740978453237007
53.65,-0.10811575427872348,-0.036039656989972475,-0.10754114351617272
53.7,-0.10811575310764567,-0.03578424692348796,-0.10761699208041761
53.75,-0.10811575195316311,-0.03450798235682508,-0.10769031355346992
53.8,-0.10811575081504293,-0.030536420516224454,-0.10750817143009476
53.85,-0.10811574969304888,-0.027943882325815284,-0.10733173529212167
53.9,-0.1081157485869582,-0.02942397533059583,-0.10755960751023333
53.95,-0.108115747496538,-0.02619555512482473,-0.10778010159826172
54.0,-0.10811574642157566,-0.028024544709570286,-0.10746966180531556
54.05,-0.10811574536184167,-0.03184342342377407,-0.10716902961086536
54.1,-0.10811574431713016,-0.033308787312602735,-0.10701226147037637
54.15,-0.10811574328722173,-0.0348906942977325,-0.1068603598391206
54.2,-0.10811574227190714,-0.033798670710073045,-0.10722425787832254
54.25,-0.10811574127098389,-0.03418241318522928,-0.10757641944011456
54.3,-0.1081157402842427,-0.037185841032182594,-0.10768634963140816
54.35,-0.10811573931148448,-0.04231692927016271,-0.10779269587529254
54.4,-0.10811573835251344,-0.047851161464421435,-0.1079866700249937
54.45,-0.10811573740713384,-0.04489924923377073,-0.10817440430221907
54.5,-0.10811573647514655,-0.04750673659146042,-0.10865826333492261
54.55,-0.10811573555636933,-0.04880016873862084,-0.10912668349101577
54.6,-0.10811573465061314,-0.05071985409769859,-0.10929394384038223
54.65,-0.10811573375769239,-0.04980684058771361,-0.10945592735336822
54.7,-0.10811573287742816,-0.047856723378924215,-0.10941820155214002
54.75,-0.10811573200963487,-0.04442876762424969,-0.10938175243182834
54.8,-0.10811573115414035,-0.04404939694770319,-0.10948977480791217
54.85,-0.1081157303107691,-0.0431545983389097,-0.10959442306610938
54.9,-0.10811572947934901,-0.03999040052896886,-0.10981300121643349
54.95,-0.10811572865971132,-0.03709744227194336,-0.11002469901881409
55.0,-0.10811572785169066,-0.036722489491710995,-0.10940379311428204
55.05,-0.10811572705512162,-0.05432516118734955,-0.10880277544660341
55.1,-0.10811572626983884,-0.05609211302019343,-0.10875859316952725
55.15,-0.10811572549568371,-0.06179322710884958,-0.10871582722768457
55.2,-0.10811572473250095,-0.05782246949558579,-0.10832102486997493
55.25,-0.10811572398013193,-0.06058588629613533,-0.10793879823658706
55.3,-0.10811572323842816,-0.07138882749486923,-0.10818759506490234
55.35,-0.10811572250723439,-0.06795552289704815,-0.1084284063125764
55.4,-0.10811572178640211,-0.06750499999386136,-0.10878352265428509
55.45,-0.10811572107578282,-0.07168648675349841,-0.10912730953612111
55.5,-0.10811572037523476,-0.08577739122172724,-0.10952770924494738
55.55,-0.10811571968461617,-0.10489214052690421,-0.10991539501397822
55.6,-0.1081157190037853,-0.1014636676979055,-0.10959503755788284
55.65,-0.10811571833260042,-0.1052724137001375,-0.10928498424193271
55.7,-0.10811571767092988,-0.10366771907577206,-0.1091183781491521
55.75,-0.10811571701863193,-0.11590147010175057,-0.10895712415362148
55.8,-0.1081157163755817,-0.11850241651443134,-0.10938041876508674
55.85,-0.10811571574164418,-0.11725640567603922,-0.10979024936633228
55.9,-0.10811571511668773,-0.12421302924819372,-0.1098521358459791
55.95,-0.10811571450059088,-0.12483492871429874,-0.10991213602462062
56.0,-0.10811571389322196,-0.1199362851188083,-0.10977744905968258
56.05,-0.10811571329446287,-0.11476379326207066,-0.10964714315770709
56.1,-0.10811571270418535,-0.11504611799851049,-0.10958431148206603
56.15,-0.10811571212227804,-0.1212842976872942,-0.10952354729006959
56.2,-0.10811571154861266,-0.11738892214304208,-0.10958360570384602
56.25,-0.10811571098307783,-0.11365759291952905,-0.10964180510674719
56.3,-0.10811571042555883,-0.10876432057927704,-0.10991250299383654
56.35,-0.10811570987594088,-0.10735389423882898,-0.11017464086624291
56.4,-0.10811570933410923,-0.10460231484835955,-0.10999793945565545
56.45,-0.10811570879995926,-0.09727595956150176,-0.10982696829790649
56.5,-0.10811570827337622,-0.09213689512767727,-0.1095420472200078
56.55,-0.10811570775425884,-0.09150361532345717,-0.10926627082368952
56.6,-0.10811570724249576,-0.09252406360965384,-0.10930040865064124
56.65,-0.10811570673798573,-0.0895648667154393,-0.10933348112332603
56.7,-0.10811570624062411,-0.09615296341047057,-0.10940539675676526
56.75,-0.10811570575030965,-0.09480028172829055,-0.10947504851154957
56.8,-0.10811570526694786,-0.09029610901915407,-0.10946051325141547
56.85,-0.1081157047904341,-0.08878128001279731,-0.1094464780119218
56.9,-0.1081157043206705,-0.09430052124457937,-0.10968228968427411
56.95,-0.10811570385756591,-0.09181764389897122,-0.10991062439414256
57.0,-0.10811570340102587,-0.08761378706243182,-0.11077473800698454
57.05,-0.10811570295095246,-0.09788870258101287,-0.11161140059057173
57.1,-0.10811570250726134,-0.09599177368692023,-0.11195024619990787
57.15,-0.1081157020698546,-0.08956116601127001,-0.11227850601048593
57.2,-0.1081157016386479,-0.09086487424671759,-0.11175124465849544
57.25,-0.10811570121355008,-0.08646541419765659,-0.11124102858932891
57.3,-0.10811570079448013,-0.0819850021562189,-0.11105060687808135
57.35,-0.10811570038134696,-0.08889735663123517,-0.11086640832937507
57.4,-0.10811569997406617,-0.08926415294269123,-0.11019751435097375
57.45,-0.10811569957256015,-0.0910386481799766,-0.109550045749709
57.5,-0.1081156991767445,-0.08384690388418244,-0.10924702013206185
57.55,-0.10811569878653486,-0.08872391944630033,-0.10895365544189695
57.6,-0.10811569840185697,-0.0924384093076495,-0.10937719688841481
57.65,-0.10811569802262982,-0.10344745484761106,-0.10978720995420489
57.7,-0.1081156976487792,-0.1053739061003591,-0.11033393355189093
57.75,-0.10811569728022405,-0.11269031130634341,-0.11086327503310595
57.8,-0.10811569691689353,-0.11491885538084051,-0.11161697490348936
57.85,-0.10811569655871,-0.11166568019699225,-0.11234678733076782
57.9,-0.10811569620560259,-0.11077662065681082,-0.11198385559936848
57.95,-0.10811569585750042,-0.11001798371404846,-0.1116327163745183
58.0,-0.10811569551433262,-0.10585796746543925,-0.11186238489523194
58.05,-0.10811569517602493,-0.10899327247137913,-0.11208490523423184
58.1,-0.10811569484251321,-0.1052790790211804,-0.11181326614996086
58.15,-0.10811569451372662,-0.09849339413746165,-0.11155047551109634
58.2,-0.108115694189601,-0.09757611590999915,-0.11195757612365476
58.25,-0.10811569387006886,-0.10358545977078454,-0.1123518570891352
58.3,-0.10811569355506272,-0.10373458487499759,-0.11266055411634926
58.35,-0.10811569324452179,-0.1015598622377782,-0.11295962537067339
58.4,-0.10811569293838197,-0.09886409095065028,-0.11272790042551876
58.45,-0.10811569263657911,-0.09852165589260459,-0.11250380327994823
58.5,-0.10811569233905587,-0.09722146331958975,-0.11160362391795016
58.55,-0.10811569204574809,-0.09629606510554165,-0.1107323152753436
58.6,-0.10811569175659502,-0.09889704501063454,-0.11067378893094325
58.65,-0.10811569147153932,-0.09714038040205077,-0.11061717556781649
58.7,-0.10811569119052694,-0.09754954910168558,-0.1101725264671842
58.75,-0.1081156909134938,-0.09450078879718765,-0.10974207664868568
58.8,-0.10811569064038923,-0.10184361843031281,-0.10937295936561962
58.85,-0.10811569037115251,-0.09951516232812668,-0.10901556296180248
58.9,-0.10811569010572963,-0.09562184205371668,-0.10888916029711028
58.95,-0.10811568984407333,-0.09608902833843677,-0.10876669041188995
59.0,-0.1081156895861195,-0.0904260015132293,-0.10827869112120726
59.05,-0.10811568933182425,-0.08388078460629425,-0.10780612424842691
59.1,-0.10811568908113357,-0.08333865940879293,-0.11155047551109634
59.15,-0.10811568883399349,-0.08382527740067491,-0.11195757612365476
59.2,-0.10811568859035674,-0.08410432388515444,-0.1123518570891352
59.25,-0.10811568835017268,-0.08943666734137556,-0.11266055411634926
59.3,-0.10811568811339409,-0.09800011059294393,-0.11295962537067339
59.35,-0.10811568787996695,-0.09656654391352555,-0.11272790042551876
59.4,-0.10811568764985074,-0.10012381457568403,-0.11250380327994823
59.45,-0.10811568742299488,-0.10305826961650279,-0.11160362391795016
59.5,-0.10811568719935209,-0.10458612833901369,-0.1107323152753436
59.55,-0.10811568697888187,-0.10508023094642238,-0.11067378893094325
59.6,-0.1081156867615336,-0.10154316815038951,-0.11061717556781649
59.65,-0.10811568654726678,-0.1108579167541634,-0.1101725264671842
59.7,-0.10811568633603752,-0.10521815681716395,-0.10974207664868568
59.75,-0.10811568612779858,-0.10156258977319813,-0.10937295936561962
59.8,-0.10811568592251283,-0.09910206284738962,-0.10901556296180248
59.85,-0.10811568572013303,-0.1063831343092791,-0.10888916029711028
59.9,-0.10811568552062542,-0.10564917743431598,-0.10876669041188995
59.95,-0.10811568532394275,-0.10063320457685085,-0.10827869112120726
60.0,-0.10811568513004789,-0.10415115246411735,-0.10780612424842691
